"","Kingdom","Phylum","Class","Order","Family","Genus","OTU_short"
"CAAGCGTTAATCGGAATTACTGGGCGTAAAGCGCACGCAGGCGGTTTGTTAAGTCAGATGTGAAATCCCCGGGCTCAACCTGGGAACTGCATCTGATACTGGCAAGCTTGAGTCTCGTAGAGGGGGGTAGAATTCCAGGTGTAGCGGTGAAATGCGTAGAGATCTGGAGGAATACCGGTGGCGAAGGCGGCCCCCTGGACGAAGACTGACGCTCAGGTGCGAAAGCGTGGGG","Bacteria","Proteobacteria","Gammaproteobacteria","Enterobacteriales","Enterobacteriaceae","Escherichia","Escherichia_1"
"CAAGCGTTATCCGGAATTATTGGGCGTAAAGGGCTCGTAGGCGGTTCGTCGCGTCCGGTGTGAAAGTCCATCGCTTAACGGTGGATCCGCGCCGGGTACGGGCGGGCTTGAGTGCGGTAGGGGAGACTGGAATTCCCGGTGTAACGGTGGAATGTGTAGATATCGGGAAGAACACCAATGGCGAAGGCAGGTCTCTGGGCCGTTACTGACGCTGAGGAGCGAAAGCGTGGGG","Bacteria","Actinobacteria","Actinobacteria","Bifidobacteriales","Bifidobacteriaceae","Bifidobacterium","Bifidobacterium_1"
"CAAGCGTTATCCGGAATTATTGGGCGTAAAGGGCTCGTAGGCGGTTCGTCGCGTCCGGTGTGAAAGTCCATCGCTTAACGGTGGATCTGCGCCGGGTACGGGCGGGCTGGAGTGCGGTAGGGGAGACTGGAATTCCCGGTGTAACGGTGGAATGTGTAGATATCGGGAAGAACACCAATGGCGAAGGCAGGTCTCTGGGCCGTTACTGACGCTGAGGAGCGAAAGCGTGGGG","Bacteria","Actinobacteria","Actinobacteria","Bifidobacteriales","Bifidobacteriaceae","Bifidobacterium","Bifidobacterium_2"
"CGAGCGTTATCCGGATTTATTGGGTTTAAAGGGAGCGTAGATGGATGTTTAAGTCAGTTGTGAAAGTTTGCGGCTCAACCGTAAAATTGCAGTTGATACTGGATATCTTGAGTGCAGTTGAGGCAGGCGGAATTCGTGGTGTAGCGGTGAAATGCTTAGATATCACGAAGAACTCCGATTGCGAAGGCAGCCTGCTAAGCTGCAACTGACATTGAGGCTCGAAAGTGTGGGT","Bacteria","Bacteroidetes","Bacteroidia","Bacteroidales","Bacteroidaceae","Bacteroides","Bacteroides_1"
"CAAGCGTTGTCCGGAATTACTGGGTGTAAAGGGAGCGCAGGCGGGAGAACAAGTTGGAAGTGAAATCCATGGGCTCAACCCATGAACTGCTTTCAAAACTGTTTTTCTTGAGTAGTGCAGAGGTAGGCGGAATTCCCGGTGTAGCGGTGGAATGCGTAGATATCGGGAGGAACACCAGTGGCGAAGGCGGCCTACTGGGCACCAACTGACGCTGAGGCTCGAAAGTGTGGGT","Bacteria","Firmicutes","Clostridia","Clostridiales","Ruminococcaceae","Faecalibacterium","Faecalibacterium_1"
"CGAGCGTTATCCGGATTTATTGGGTTTAAAGGGAGCGTAGGTGGACTGGTAAGTCAGTTGTGAAAGTTTGCGGCTCAACCGTAAAATTGCAGTTGATACTGTCAGTCTTGAGTACAGTAGAGGTGGGCGGAATTCGTGGTGTAGCGGTGAAATGCTTAGATATCACGAAGAACTCCGATTGCGAAGGCAGCTCACTGGACTGCAACTGACACTGATGCTCGAAAGTGTGGGT","Bacteria","Bacteroidetes","Bacteroidia","Bacteroidales","Bacteroidaceae","Bacteroides","Bacteroides_2"
"CAAGCGTTGTCCGGAATTATTGGGCGTAAAGCGCGCGCAGGCGGTTTCATAAGTCTGTCTTAAAAGTGCGGGGCTTAACCCCGTGAGGGGATGGAAACTATGGAACTGGAGTATCGGAGAGGAAAGCGGAATTCCTAGTGTAGCGGTGAAATGCGTAGATATTAGGAAGAACACCAGTGGCGAAGGCGGCTTTCTGGACGACAACTGACGCTGAGGCGCGAAAGCCAGGGG","Bacteria","Firmicutes","Negativicutes","Selenomonadales","Veillonellaceae","Veillonella","Veillonella_1"
"CAAGCGTTATCCGGATTTACTGGGTGTAAAGGGAGCGTAGACGGCATGGCAAGCCAGATGTGAAAGCCCGGGGCTCAACCCCGGGACTGCATTTGGAACTGTCAGGCTAGAGTGTCGGAGAGGAAAGCGGAATTCCTAGTGTAGCGGTGAAATGCGTAGATATTAGGAGGAACACCAGTGGCGAAGGCGGCTTTCTGGACGATGACTGACGTTGAGGCTCGAAAGCGTGGGG","Bacteria","Firmicutes","Clostridia","Clostridiales","Lachnospiraceae","Blautia","Blautia_1"
"CAAGCGTTATCCGGATTTACTGGGTGTAAAGGGAGCGTAGACGGTGTGGCAAGTCTGATGTGAAAGGCATGGGCTCAACCTGTGGACTGCATTGGAAACTGTCATACTTGAGTGCCGGAGGGGTAAGCGGAATTCCTAGTGTAGCGGTGAAATGCGTAGATATTAGGAGGAACACCAGTGGCGAAGGCGGCTTACTGGACGGTAACTGACGTTGAGGCTCGAAAGCGTGGGG","Bacteria","Firmicutes","Clostridia","Clostridiales","Lachnospiraceae","Blautia","Blautia_2"
"CAAGCGTTGTTCGGAATCACTGGGCGTAAAGCGTGCGTAGGCTGTTTCGTAAGTCGTGTGTGAAAGGCGCGGGCTCAACCCGCGGACGGCACATGATACTGCGAGACTAGAGTAATGGAGGGGGAACCGGAATTCTCGGTGTAGCAGTGAAATGCGTAGATATCGAGAGGAACACTCGTGGCGAAGGCGGGTTCCTGGACATTAACTGACGCTGAGGCACGAAGGCCAGGGG","Bacteria","Verrucomicrobia","Verrucomicrobiae","Verrucomicrobiales","Verrucomicrobiaceae","Akkermansia","Akkermansia_1"
"CAAGCGTTGTCCGGAATTACTGGGTGTAAAGGGAGCGCAGGCGGGAAGACAAGTTGGAAGTGAAATCTATGGGCTCAACCCATAAACTGCTTTCAAAACTGTTTTTCTTGAGTAGTGCAGAGGTAGGCGGAATTCCCGGTGTAGCGGTGGAATGCGTAGATATCGGGAGGAACACCAGTGGCGAAGGCGGCCTACTGGGCACCAACTGACGCTGAGGCTCGAAAGTGTGGGT","Bacteria","Firmicutes","Clostridia","Clostridiales","Ruminococcaceae","Faecalibacterium","Faecalibacterium_2"
"CAAGCGTTGTCCGGAATTACTGGGTGTAAAGGGAGCGCAGGCGGGAAGACAAGTTGGAAGTGAAATCCATGGGCTCAACCCATGAACTGCTTTCAAAACTGTTTTTCTTGAGTAGTGCAGAGGTAGGCGGAATTCCCGGTGTAGCGGTGGAATGCGTAGATATCGGGAGGAACACCAGTGGCGAAGGCGGCCTACTGGGCACCAACTGACGCTGAGGCTCGAAAGTGTGGGT","Bacteria","Firmicutes","Clostridia","Clostridiales","Ruminococcaceae","Faecalibacterium","Faecalibacterium_3"
"CGAGCGTTATCCGGATTTATTGGGTTTAAAGGGAGCGTAGGTGGATTGTTAAGTCAGTTGTGAAAGTTTGCGGCTCAACCGTAAAATTGCAGTTGAAACTGGCAGTCTTGAGTACAGTAGAGGTGGGCGGAATTCGTGGTGTAGCGGTGAAATGCTTAGATATCACGAAGAACTCCGATTGCGAAGGCAGCTCACTAGACTGCAACTGACACTGATGCTCGAAAGTGTGGGT","Bacteria","Bacteroidetes","Bacteroidia","Bacteroidales","Bacteroidaceae","Bacteroides","Bacteroides_3"
"CAAGCGTTATCCGGAATTATTGGGCGTAAAGGGCTCGTAGGCGGTTCGTCGCGTCCGGTGTGAAAGTCCATCGCTTAACGGTGGATCCGCGCCGGGTACGGGCGGGCTTGAGTGCGGTAGGGGAGACTGGAATTCCCGGTGTAACGGTGGAATGTGTAGATATCGGGAAGAACACCAATGGCGAAGGCAGGTCTCTGGGCCGTCACTGACGCTGAGGAGCGAAAGCGTGGGG","Bacteria","Actinobacteria","Actinobacteria","Bifidobacteriales","Bifidobacteriaceae","Bifidobacterium","Bifidobacterium_3"
"CGAGCGTTATCCGGATTTATTGGGTTTAAAGGGAGCGTAGGTGGACAGTTAAGTCAGTTGTGAAAGTTTGCGGCTCAACCGTAAAATTGCAGTTGATACTGGCTGTCTTGAGTACAGTAGAGGTGGGCGGAATTCGTGGTGTAGCGGTGAAATGCTTAGATATCACGAAGAACTCCGATTGCGAAGGCAGCTCACTGGACTGCAACTGACACTGATGCTCGAAAGTGTGGGT","Bacteria","Bacteroidetes","Bacteroidia","Bacteroidales","Bacteroidaceae","Bacteroides","Bacteroides_4"
"CAAGCGTTGTCCGGAATTATTGGGCGTAAAGCGCGCGCAGGCGGATTGGTCAGTCTGTCTTAAAAGTTCGGGGCTTAACCCCGTGATGGGATGGAAACTGCCAATCTAGAGTATCGGAGAGGAAAGTGGAATTCCTAGTGTAGCGGTGAAATGCGTAGATATTAGGAAGAACACCAGTGGCGAAGGCGACTTTCTGGACGAAAACTGACGCTGAGGCGCGAAAGCCAGGGG","Bacteria","Firmicutes","Negativicutes","Selenomonadales","Veillonellaceae","Veillonella","Veillonella_2"
"CAAGCGTTATCCGGATTTACTGGGTGTAAAGGGAGCGCAGGCGGTGCGGCAAGTCTGATGTGAAAGCCCGGGGCTCAACCCCGGTACTGCATTGGAAACTGTCGTACTAGAGTGTCGGAGGGGTAAGCGGAATTCCTAGTGTAGCGGTGAAATGCGTAGATATTAGGAGGAACACCAGTGGCGAAGGCGGCTTACTGGACGATAACTGACGCTGAGGCTCGAAAGCGTGGGG","Bacteria","Firmicutes","Clostridia","Clostridiales","Lachnospiraceae","Roseburia","Roseburia_1"
"CGAGCGTTGTCCGGATTTATTGGGCGTAAAGCGAGCGCAGGCGGTTTGATAAGTCTGAAGTTAAAGGCTGTGGCTCAACCATAGTTCGCTTTGGAAACTGTCAAACTTGAGTGCAGAAGGGGAGAGTGGAATTCCATGTGTAGCGGTGAAATGCGTAGATATATGGAGGAACACCGGTGGCGAAAGCGGCTCTCTGGTCTGTAACTGACGCTGAGGCTCGAAAGCGTGGGG","Bacteria","Firmicutes","Bacilli","Lactobacillales","Streptococcaceae","Streptococcus","Streptococcus_1"
"CAAGCGTTGTCCGGAATTATTGGGCGTAAAGGGCGCGCAGGCGGCATCGCAAGTCGGTCTTAAAAGTGCGGGGCTTAACCCCGTGAGGGGACCGAAACTGTGAAGCTCGAGTGTCGGAGAGGAAAGCGGAATTCCTAGTGTAGCGGTGAAATGCGTAGATATTAGGAGGAACACCAGTGGCGAAAGCGGCTTTCTGGACGACAACTGACGCTGAGGCGCGAAAGCCAGGGG","Bacteria","Firmicutes","Negativicutes","Selenomonadales","Veillonellaceae","Megasphaera","Megasphaera_1"
"CAAGCGTTGTCCGGATTTATTGGGCGTAAAGCGAGCGCAGGCGGTTTCTTAAGTCTGATGTGAAAGCCCCCGGCTCAACCGGGGAGGGTCATTGGAAACTGGGAGACTTGAGTGCAGAAGAGGAGAGTGGAATTCCATGTGTAGCGGTGAAATGCGTAGATATATGGAGGAACACCAGTGGCGAAGGCGGCTCTCTGGTCTGTAACTGACGCTGAGGCTCGAAAGCGTGGGG","Bacteria","Firmicutes","Bacilli","Lactobacillales","Enterococcaceae","Enterococcus","Enterococcus_1"
"CGAGCGTTATCCGGATTTATTGGGTTTAAAGGGAGCGTAGGCGGACGCTTAAGTCAGTTGTGAAAGTTTGCGGCTCAACCGTAAAATTGCAGTTGATACTGGGTGTCTTGAGTACAGTAGAGGCAGGCGGAATTCGTGGTGTAGCGGTGAAATGCTTAGATATCACGAAGAACTCCGATTGCGAAGGCAGCTTGCTGGACTGTAACTGACGCTGATGCTCGAAAGTGTGGGT","Bacteria","Bacteroidetes","Bacteroidia","Bacteroidales","Bacteroidaceae","Bacteroides","Bacteroides_5"
"CAAGCGTTATCCGGATTTACTGGGTGTAAAGGGAGCGTAGACGGCATAGCAAGTCTGGAGTGAAAGCCCGGGGCTCAACCCCGGTACTGCTTTGGAAACTGTTAAGCTAGAGTGCTGGAGAGGTAAGTGGAATTCCTAGTGTAGCGGTGAAATGCGTAGATATTAGGAGGAACACCAGTGGCGAAGGCGGCTTACTGGACAGTAACTGACGTTGAGGCTCGAAAGCGTGGGG","Bacteria","Firmicutes","Clostridia","Clostridiales","Lachnospiraceae","Clostridium_XlVa","Clostridium_XlVa_1"
"CGAGCGTTATCCGGATTTATTGGGTTTAAAGGGTGCGTAGGCGGCCTTTTAAGTCAGCGGTGAAAGTCTGTGGCTCAACCATAGAATTGCCGTTGAAACTGGGGGGCTTGAGTATGTTTGAGGCAGGCGGAATGCGTGGTGTAGCGGTGAAATGCTTAGATATCACGCAGAACCCCGATTGCGAAGGCAGCCTGCCAAGCCATGACTGACGCTGATGCACGAAAGCGTGGGG","Bacteria","Bacteroidetes","Bacteroidia","Bacteroidales","Porphyromonadaceae","Parabacteroides","Parabacteroides_1"
"CGAGCGTTGTCCGGATTTATTGGGCGTAAAGCGAGCGCAGGCGGTTTAATAAGTCTGAAGTTAAAGGCAGTGGCTTAACCATTGTTCGCTTTGGAAACTGTTAAACTTGAGTGCAGAAGGGGAGAGTGGAATTCCATGTGTAGCGGTGAAATGCGTAGATATATGGAGGAACACCGGTGGCGAAAGCGGCTCTCTGGTCTGTAACTGACGCTGAGGCTCGAAAGCGTGGGG","Bacteria","Firmicutes","Bacilli","Lactobacillales","Streptococcaceae","Streptococcus","Streptococcus_2"
"CAAGCGTTGTCCGGATTTACTGGGCGTAAAGGGAGCGTAGGCGGATTTTTAAGTGGGATGTGAAATACCCGGGCTCAACCTGGGTGCTGCATTCCAAACTGGAAATCTAGAGTGCAGGAGGGGAAAGTGGAATTCCTAGTGTAGCGGTGAAATGCGTAGAGATTAGGAAGAACACCAGTGGCGAAGGCGACTTTCTGGACTGTAACTGACGCTGAGGCTCGAAAGCGTGGGG","Bacteria","Firmicutes","Clostridia","Clostridiales","Clostridiaceae_1","Clostridium_sensu_stricto","Clostridium_sensu_stricto_1"
"CAAGCGTTGTCCGGATTTATTGGGCGTAAAGCGAGTGCAGGCGGTTCAATAAGTCTGATGTGAAAGCCTTCGGCTCAACCGGAGAATTGCATCAGAAACTGTTGAACTTGAGTGCAGAAGAGGAGAGTGGAACTCCATGTGTAGCGGTGGAATGCGTAGATATATGGAAGAACACCAGTGGCGAAGGCGGCTCTCTGGTCTGCAACTGACGCTGAGGCTCGAAAGCATGGGT","Bacteria","Firmicutes","Bacilli","Lactobacillales","Lactobacillaceae","Lactobacillus","Lactobacillus_1"
"CGAGCGTTATCCGGATTTATTGGGTTTAAAGGGAGCGTAGGTGGATTGTTAAGTCAGTTGTGAAAGTTTGCGGCTCAACCGTAAAATTGCAGTTGAAACTGGCAGTCTTGAGTACAGTAGAGGTGGGCGGAATTCGTGGTGTAGCGGTGAAATGCTTAGATATCACGAAGAACTCCGATTGCGAAGGCAGCTCACTAGACTGTCACTGACACTGATGCTCGAAAGTGTGGGT","Bacteria","Bacteroidetes","Bacteroidia","Bacteroidales","Bacteroidaceae","Bacteroides","Bacteroides_6"
"CAAGCGTTATCCGGAATTATTGGGCGTAAAGAGGGAGCAGGCGGCAGCAAGGGTCTGTGGTGAAAGCCTGAAGCTTAACTTCAGTAAGCCATAGAAACCAGGCAGCTAGAGTGCAGGAGAGGATCGTGGAATTCCATGTGTAGCGGTGAAATGCGTAGATATATGGAGGAACACCAGTGGCGAAGGCGACGATCTGGCCTGCAACTGACGCTCAGTCCCGAAAGCGTGGGG","Bacteria","Firmicutes","Erysipelotrichia","Erysipelotrichales","Erysipelotrichaceae","Clostridium_XVIII","Clostridium_XVIII_1"
"CGAGCGTTAATCGGAATAACTGGGCGTAAAGGGCACGCAGGCGGTGACTTAAGTGAGGTGTGAAAGCCCCGGGCTTAACCTGGGAATTGCATTTCATACTGGGTCGCTAGAGTACTTTAGGGAGGGGTAGAATTCCACGTGTAGCGGTGAAATGCGTAGAGATGTGGAGGAATACCGAAGGCGAAGGCAGCCCCTTGGGAATGTACTGACGCTCATGTGCGAAAGCGTGGGG","Bacteria","Proteobacteria","Gammaproteobacteria","Pasteurellales","Pasteurellaceae","Haemophilus","Haemophilus_1"
"CAAGCGTTATCCGGAATTACTGGGTGTAAAGGGTGCGTAGGTGGTATGGCAAGTCAGAAGTGAAAACCCAGGGCTTAACTCTGGGACTGCTTTTGAAACTGTCAGACTGGAGTGCAGGAGAGGTAAGCGGAATTCCTAGTGTAGCGGTGAAATGCGTAGATATTAGGAGGAACATCAGTGGCGAAGGCGGCTTACTGGACTGAAACTGACACTGAGGCACGAAAGCGTGGGG","Bacteria","Firmicutes","Clostridia","Clostridiales","Lachnospiraceae","Anaerostipes","Anaerostipes_1"
"CAAGCGTTGTCCGGAATTATTGGGCGTAAAGCGCGCGCAGGCGGATAGGTCAGTCTGTCTTAAAAGTTCGGGGCTTAACCCCGTGATGGGATGGAAACTGCCAATCTAGAGTATCGGAGAGGAAAGTGGAATTCCTAGTGTAGCGGTGAAATGCGTAGATATTAGGAAGAACACCAGTGGCGAAGGCGACTTTCTGGACGAAAACTGACGCTGAGGCGCGAAAGCCAGGGG","Bacteria","Firmicutes","Negativicutes","Selenomonadales","Veillonellaceae","Veillonella","Veillonella_3"
"CAAGCGTTATCCGGATTTATTGGGCGTAAAGGGCTCGTAGGCGGCTCGTCGCGTCCGGTGTGAAAGTCCATCGCTTAACGGTGGATCTGCGCCGGGTACGGGCGGGCTGGAGTGCGGTAGGGGAGACTGGAATTCCCGGTGTAACGGTGGAATGTGTAGATATCGGGAAGAACACCGATGGCGAAGGCAGGTCTCTGGGCCGTCACTGACGCTGAGGAGCGAAAGCGTGGGG","Bacteria","Actinobacteria","Actinobacteria","Bifidobacteriales","Bifidobacteriaceae","Bifidobacterium","Bifidobacterium_4"
"CAAGCGTTATCCGGAATTATTGGGCGTAAAGCGCGCGTAGGCGGTTTTTTAAGTCTGATGTGAAAGCCCACGGCTCAACCGTGGAGGGTCATTGGAAACTGGAAAACTTGAGTGCAGAAGAGGAAAGTGGAATTCCATGTGTAGCGGTGAAATGCGCAGAGATATGGAGGAACACCAGTGGCGAAGGCGACTTTCTGGTCTGTAACTGACGCTGATGTGCGAAAGCGTGGGG","Bacteria","Firmicutes","Bacilli","Bacillales","Staphylococcaceae","Staphylococcus","Staphylococcus_1"
"CGAGCGTTATCCGGATTTATTGGGTTTAAAGGGAGCGTAGATGGATGTTTAAGTCAGTTGTGAAAGTTTGCGGCTCAACCGTAAAATTGCAGTTGATACTGGATGTCTTGAGTGCAGTTGAGGCAGGCGGAATTCGTGGTGTAGCGGTGAAATGCTTAGATATCACGAAGAACTCCGATTGCGAAGGCAGCCTGCTAAGCTGCAACTGACATTGAGGCTCGAAAGTGTGGGT","Bacteria","Bacteroidetes","Bacteroidia","Bacteroidales","Bacteroidaceae","Bacteroides","Bacteroides_7"
"CGAGCGTTATCCGGATTTATTGGGTTTAAAGGGTGCGTAGGCGGCCTTTTAAGTCAGCGGTGAAAGTCTGTGGCTCAACCATAGAATTGCCGTTGAAACTGGGGGGCTTGAGTATGTTTGAGGCAGGCGGAATGCGTGGTGTAGCGGTGAAATGCATAGATATCACGCAGAACCCCGATTGCGAAGGCAGCCTGCCAAGCCATGACTGACGCTGATGCACGAAAGCGTGGGG","Bacteria","Bacteroidetes","Bacteroidia","Bacteroidales","Porphyromonadaceae","Parabacteroides","Parabacteroides_2"
"CGAGCGTTATCCGGATTTATTGGGTTTAAAGGGAGCGTAGGCGGACGCTTAAGTCAGTTGTGAAAGTTTGCGGCTCAACCGTAAAATTGCAGTTGATACTGGGTGTCTTGAGTACAGTAGAGGCAGGCGGAATTCGTGGTGTAGCGGTGAAATGCTTAGATATCACGAAGAACTCCGATTGCGAAGGCAGCCTGCTGGACTGTAACTGACGCTGATGCTCGAAAGTGTGGGT","Bacteria","Bacteroidetes","Bacteroidia","Bacteroidales","Bacteroidaceae","Bacteroides","Bacteroides_8"
"CGAGCGTTGTCCGGATTTATTGGGCGTAAAGCGAGCGCAGGCGGTTAGATAAGTCTGAAGTTAAAGGCTGTGGCTTAACCATAGTACGCTTTGGAAACTGTTTAACTTGAGTGCAAGAGGGGAGAGTGGAATTCCATGTGTAGCGGTGAAATGCGTAGATATATGGAGGAACACCGGTGGCGAAAGCGGCTCTCTGGCTTGTAACTGACGCTGAGGCTCGAAAGCGTGGGG","Bacteria","Firmicutes","Bacilli","Lactobacillales","Streptococcaceae","Streptococcus","Streptococcus_3"
"CGAGCGTTATCCGGATTTATTGGGCGTAAAGCGAGCGCAGGCGGTTAGATAAGTCTGAAGTTAAAGGCTGTGGCTTAACCATAGTACGCTTTGGAAACTGTTTAACTTGAGTGCAGAAGGGGAGAGTGGAATTCCATGTGTAGCGGTGAAATGCGTAGATATATGGAGGAACACCGGTGGCGAAAGCGGCTCTCTGGTCTGTAACTGACGCTGAGGCTCGAAAGCGTGGGG","Bacteria","Firmicutes","Bacilli","Lactobacillales","Streptococcaceae","Streptococcus","Streptococcus_4"
"CAAGCGTTATCCGGATTTACTGGGTGTAAAGGGAGCGTAGACGGCAAGGCAAGTCTGATGTGAAAACCCAGGGCTTAACCCTGGGACTGCATTGGAAACTGTCTGGCTCGAGTGCCGGAGAGGTAAGCGGAATTCCTAGTGTAGCGGTGAAATGCGTAGATATTAGGAAGAACACCAGTGGCGAAGGCGGCTTACTGGACGGTAACTGACGTTGAGGCTCGAAAGCGTGGGG","Bacteria","Firmicutes","Clostridia","Clostridiales","Lachnospiraceae","Fusicatenibacter","Fusicatenibacter_1"
"CAAGCGTTAATCGGAATTACTGGGCGTAAAGCGCACGCAGGCGGTCTGTCAAGTCGGATGTGAAATCCCCGGGCTCAACCTGGGAACTGCATTCGAAACTGGCAGGCTAGAGTCTTGTAGAGGGGGGTAGAATTCCAGGTGTAGCGGTGAAATGCGTAGAGATCTGGAGGAATACCGGTGGCGAAGGCGGCCCCCTGGACAAAGACTGACGCTCAGGTGCGAAAGCGTGGGG","Bacteria","Proteobacteria","Gammaproteobacteria","Enterobacteriales","Enterobacteriaceae","Enterobacter","Enterobacter_1"
"CAAGCGTTGTCCGGATTTACTGGGTGTAAAGGGTGCGTAGGCGGCTTTGCAAGTCAGATGTGAAATCTATGGGCTCAACCCATAAACTGCATTTGAAACTGTAGAGCTTGAGTGAAGTAGAGGCAGGCGGAATTCCCCGTGTAGCGGTGAAATGCGTAGAGATGGGGAGGAACACCAGTGGCGAAGGCGGCCTGCTGGGCTTTAACTGACGCTGAGGCACGAAAGCGTGGGT","Bacteria","Firmicutes","Clostridia","Clostridiales","Ruminococcaceae","Ruminococcus","Ruminococcus_1"
"CAAGCGTTGTCCGGATTTACTGGGCGTAAAGGGAGCGTAGGCGGATGTTTAAGTGGGATGTGAAATACTCGGGCTCAACTTGAGTGCTGCATTCCAAACTGGATATCTAGAGTGCAGGAGAGGAAAGGAGAATTCCTAGTGTAGCGGTGAAATGCGTAGAGATTAGGAAGAATACCAGTGGCGAAGGCGCCTTTCTGGACTGTAACTGACGCTGAGGCTCGAAAGCGTGGGG","Bacteria","Firmicutes","Clostridia","Clostridiales","Clostridiaceae_1","Clostridium_sensu_stricto","Clostridium_sensu_stricto_2"
"CAAGCGTTGTCCGGAATTATTGGGCGTAAAGCGCGCGCAGGCGGATCAGTCAGTCTGTCTTAAAAGTTCGGGGCTTAACCCCGTGATGGGATGGAAACTGCTGATCTAGAGTATCGGAGAGGAAAGTGGAATTCCTAGTGTAGCGGTGAAATGCGTAGATATTAGGAAGAACACCAGTGGCGAAGGCGACTTTCTGGACGAAAACTGACGCTGAGGCGCGAAAGCCAGGGG","Bacteria","Firmicutes","Negativicutes","Selenomonadales","Veillonellaceae","Veillonella","Veillonella_4"
"CTAGCGTTATCCGGATTTACTGGGCGTAAAGGGTGCGTAGGCGGTCTTTCAAGTCAGGAGTGAAAGGCTACGGCTCAACCGTAGTAAGCTCTTGAAACTGGGAGACTTGAGTGCAGGAGAGGAGAGTGGAATTCCTAGTGTAGCGGTGAAATGCGTAGATATTAGGAGGAACACCAGTTGCGAAGGCGGCTCTCTGGACTGTAACTGACGCTGAGGCACGAAAGCGTGGGG","Bacteria","Firmicutes","Clostridia","Clostridiales","Peptostreptococcaceae","Clostridium_XI","Clostridium_XI_1"
"CAAGCGTTATCCGGATTTACTGGGTGTAAAGGGAGCGCAGGCGGTGCGGCAAGTCTGATGTGAAAGCCCGGGGCTCAACCCCGGTACTGCATTGGAAACTGTCGTACTAGAGTGTCGGAGGGGTAAGTGGAATTCCTAGTGTAGCGGTGAAATGCGTAGATATTAGGAGGAACACCAGTGGCGAAGGCGGCTTACTGGACGATAACTGACGCTGAGGCTCGAAAGCGTGGGG","Bacteria","Firmicutes","Clostridia","Clostridiales","Lachnospiraceae","Roseburia","Roseburia_2"
"CAAGCGTTGTCCGGAATTATTGGGCGTAAAGCGCGCGCAGGCGGTTTCGTAAGTCTGTCTTAAAAGTGCGGGGCTTAACCCCGTGAGGGGATGGAAACTATGGAACTGGAGTATCGGAGAGGAAAGCGGAATTCCTAGTGTAGCGGTGAAATGCGTAGATATTAGGAAGAACACCAGTGGCGAAGGCGGCTTTCTGGACGACAACTGACGCTGAGGCGCGAAAGCCAGGGG","Bacteria","Firmicutes","Negativicutes","Selenomonadales","Veillonellaceae","Veillonella","Veillonella_5"
"CGAGCGTTATCCGGATTTATTGGGTTTAAAGGGAGCGTAGATGGATATTTAAGTCAGTTGTGAAAGTTTGCGGCTCAACCGTAAAATTGCAGTTGATACTGGATATCTTGAGTGCAGTTGAGGCAGGCGGAATTCGTGGTGTAGCGGTGAAATGCTTAGATATCACGAAGAACTCCGATTGCGAAGGCAGCCTGCTAAGCTGCAACTGACATTGAGGCTCGAAAGTGTGGGT","Bacteria","Bacteroidetes","Bacteroidia","Bacteroidales","Bacteroidaceae","Bacteroides","Bacteroides_9"
"CAAGCGTTGTCCGGAATTACTGGGTGTAAAGGGAGCGCAGGCGGACCGGCAAGTTGGAAGTGAAAACTATGGGCTCAACCCATAAATTGCTTTCAAAACTGCTGGCCTTGAGTAGTGCAGAGGTAGGTGGAATTCCCGGTGTAGCGGTGGAATGCGTAGATATCGGGAGGAACACCAGTGGCGAAGGCGACCTACTGGGCACCAACTGACGCTGAGGCTCGAAAGCATGGGT","Bacteria","Firmicutes","Clostridia","Clostridiales","Ruminococcaceae","Gemmiger","Gemmiger_1"
"CAAGCGTTATCCGGATTTACTGGGTGTAAAGGGAGTGTAGGTGGCCAGGCAAGTCAGAAGTGAAAGCCCGGGGCTCAACCCCGGGACTGCTTTTGAAACTGCAGGGCTAGAGTGCAGGAGGGGCAAGTGGAATTCCTAGTGTAGCGGTGAAATGCGTAGATATTAGGAGGAACACCAGTGGCGAAGGCGGCTTGCTGGACTGTAACTGACACTGAGGCTCGAAAGCGTGGGG","Bacteria","Firmicutes","Clostridia","Clostridiales","Lachnospiraceae","Lachnospiraceae_uncl","Lachnospiraceae_uncl_1"
"CAAGCGTTAATCGGAATTACTGGGCGTAAAGCGTGCGCAGGCGGTTCTGTAAGATAGATGTGAAATCCCCGGGCTCAACCTGGGAATTGCATATATGACTGCAGGACTTGAGTTTGTCAGAGGAGGGTGGAATTCCACGTGTAGCAGTGAAATGCGTAGATATGTGGAAGAACACCGATGGCGAAGGCAGCCCTCTGGGACATGACTGACGCTCATGCACGAAAGCGTGGGG","Bacteria","Proteobacteria","Betaproteobacteria","Burkholderiales","Sutterellaceae","Sutterella","Sutterella_1"
"CAAGCGTTATCCGGATTTACTGGGTGTAAAGGGAGCGCAGGCGGAAGGCTAAGTCTGATGTGAAAGCCCGGGGCTCAACCCCGGTACTGCATTGGAAACTGGTCATCTAGAGTGTCGGAGGGGTAAGTGGAATTCCTAGTGTAGCGGTGAAATGCGTAGATATTAGGAGGAACACCAGTGGCGAAGGCGGCTTACTGGACGATAACTGACGCTGAGGCTCGAAAGCGTGGGG","Bacteria","Firmicutes","Clostridia","Clostridiales","Lachnospiraceae","Roseburia","Roseburia_3"
"CAAGCGTTAATCGGAATTACTGGGCGTAAAGCGCACGCAGGCGGTTTGTTAAGTCAGATGTGAAATCCCCGGGCTCAACCTGGGAGCTGCATCTGATACTGGCAAGCTTGAGTCTCGTAGAGGGGGGTAGAATTCCAGGTGTAGCGGTGAAATGCGTAGAGATCTGGAGGAATACCGGTGGCGAAGGCGGCCCCCTGGACGAAGACTGACGCTCAGGTGCGAAAGCGTGGGG","Bacteria","Proteobacteria","Gammaproteobacteria","Enterobacteriales","Enterobacteriaceae","Escherichia","Escherichia_2"
"CGAGCGTTGTCCGGATTTACTGGGCGTAAAGGGAGCGTAGGCGGACTTTTAAGTGAGATGTGAAATACCCGGGCTCAACTTGGGTGCTGCATTTCAAACTGGAAGTCTAGAGTGCAGGAGAGGAGAATGGAATTCCTAGTGTAGCGGTGAAATGCGTAGAGATTAGGAAGAACACCAGTGGCGAAGGCGATTCTCTGGACTGTAACTGACGCTGAGGCTCGAAAGCGTGGGG","Bacteria","Firmicutes","Clostridia","Clostridiales","Clostridiaceae_1","Clostridium_sensu_stricto","Clostridium_sensu_stricto_3"
"CAAGCGTTATCCGGATTTACTGGGTGTAAAGGGAGCGTAGACGGCATGGCAAGCCAGATGTGAAAGCCCAGGGCTCAACCCCGGGACTGCATTTGGAACTGTCAGGCTAGAGTGTCGGAGAGGAAAGCGGAATTCCTAGTGTAGCGGTGAAATGCGTAGATATTAGGAGGAACACCAGTGGCGAAGGCGGCTTTCTGGACGATGACTGACGTTGAGGCTCGAAAGCGTGGGG","Bacteria","Firmicutes","Clostridia","Clostridiales","Lachnospiraceae","Blautia","Blautia_3"
"CGAGCGTTATCCGGATTTATTGGGTTTAAAGGGAGCGCAGACGGGGGATTAAGTCAGTTGTGAAAGTTTGCGGCTCAACCGTAAAATTGCAGTTGATACTGGTTCCCTTGAGTGCAGTTGAGGCAGGCGGAATTCGTGGTGTAGCGGTGAAATGCATAGATATCACGAAGAACCCCGATTGCGAAGGCAGCCTGCTAAGCTGTAACTGACGTTGAGGCTCGAAAGTGTGGGT","Bacteria","Bacteroidetes","Bacteroidia","Bacteroidales","Bacteroidaceae","Bacteroides","Bacteroides_10"
"CAAGCGTTGTCCGGATTTACTGGGCGTAAAGGGAGCGTAGGTGGATATTTAAGTGGGATGTGAAATACTCGGGCTTAACCTGGGTGCTGCATTCCAAACTGGATATCTAGAGTGCAGGAGAGGAAAGGAGAATTCCTAGTGTAGCGGTGAAATGCGTAGAGATTAGGAAGAATACCAGTGGCGAAGGCGCCTTTCTGGACTGTAACTGACACTGAGGCTCGAAAGCGTGGGG","Bacteria","Firmicutes","Clostridia","Clostridiales","Clostridiaceae_1","Clostridium_sensu_stricto","Clostridium_sensu_stricto_4"
"CGGGCGTTATCCGGATTTATTGGGTTTAAAGGGAGCGTAGGCCGGAGATTAAGCGTGTTGTGAAATGTAGATGCTCAACATCTGAACTGCAGCGCGAACTGGTTTCCTTGAGTACGCACAAAGTGGGCGGAATTCGTGGTGTAGCGGTGAAATGCTTAGATATCACGAAGAACTCCGATTGCGAAGGCAGCTCACTGGAGCGCAACTGACGCTGAAGCTCGAAAGTGCGGGT","Bacteria","Bacteroidetes","Bacteroidia","Bacteroidales","Prevotellaceae","Prevotella","Prevotella_1"
"CGAGCGTTATCCGGATTTATTGGGTTTAAAGGGAGCGTAGGTGGATTGTTAAGTCAGTTGTGAAAGTTTGCGGCTCAACCGTAAAATTGCAGTTGAAACTGGCAGTCTTGAGTACAGTAGAGGTGGGCGGAATTCGTGGTGTAGCGGTGAAATGCTTAGATATCACGAAGAACTCCGATTGCGAAGGCAGCTCACTGGACTGCAACTGACACTGATGCTCGAAAGTGTGGGT","Bacteria","Bacteroidetes","Bacteroidia","Bacteroidales","Bacteroidaceae","Bacteroides","Bacteroides_11"
"CGGGCGTTATCCGGATTTATTGGGTTTAAAGGGAGCGTAGGCCGGAGATTAAGCGTGTTGTGAAATGTAGACGCTCAACGTCTGCACTGCAGCGCGAACTGGTTTCCTTGAGTACGCACAAAGTGGGCGGAATTCGTGGTGTAGCGGTGAAATGCTTAGATATCACGAAGAACTCCGATTGCGAAGGCAGCTCACTGGAGCGCAACTGACGCTGAAGCTCGAAAGTGCGGGT","Bacteria","Bacteroidetes","Bacteroidia","Bacteroidales","Prevotellaceae","Prevotella","Prevotella_2"
"CGAGCGTTATCCGGATTTATTGGGTTTAAAGGGAGCGTAGGCGGATTGTTAAGTCAGTTGTGAAAGTTTGCGGCTCAACCGTAAAATTGCAGTTGATACTGGCAGTCTTGAGTGCAGTAGAGGTGGGCGGAATTCGTGGTGTAGCGGTGAAATGCTTAGATATCACGAAGAACTCCGATTGCGAAGGCAGCTCACTGGAGTGTAACTGACGCTGATGCTCGAAAGTGTGGGT","Bacteria","Bacteroidetes","Bacteroidia","Bacteroidales","Bacteroidaceae","Bacteroides","Bacteroides_12"
"CAAGCGTTATCCGGATTTACTGGGTGTAAAGGGAGCGTAGACGGATGGACAAGTCTGATGTGAAAGGCTGGGGCTCAACCCCGGGACTGCATTGGAAACTGCCCGTCTTGAGTGCCGGAGAGGTAAGCGGAATTCCTAGTGTAGCGGTGAAATGCGTAGATATTAGGAGGAACACCAGTGGCGAAGGCGGCTTACTGGACGGTAACTGACGTTGAGGCTCGAAAGCGTGGGG","Bacteria","Firmicutes","Clostridia","Clostridiales","Lachnospiraceae","Blautia","Blautia_4"
"CGAGCGTTGTCCGGAATTATTGGGCGTAAAGAGCATGTAGGCGGCTTAATAAGTCGAGCGTGAAAATGCGGGGCTCAACCCCGTATGGCGCTGGAAACTGTTAGGCTTGAGTGCAGGAGAGGAAAGGGGAATTCCCAGTGTAGCGGTGAAATGCGTAGATATTGGGAGGAACACCAGTGGCGAAGGCGCCTTTCTGGACTGTGTCTGACGCTGAGATGCGAAAGCCAGGGT","Bacteria","Firmicutes","Negativicutes","Selenomonadales","Acidaminococcaceae","Phascolarctobacterium","Phascolarctobacterium_1"
"CGAGCGTTATCCGGATTTATTGGGTTTAAAGGGTGCGTAGGTGGTGATTTAAGTCAGCGGTGAAAGTTTGTGGCTCAACCATAAAATTGCCGTTGAAACTGGGTTACTTGAGTGTGTTTGAGGTAGGCGGAATGCGTGGTGTAGCGGTGAAATGCATAGATATCACGCAGAACTCCGATTGCGAAGGCAGCTTACTAAACCATAACTGACACTGAAGCACGAAAGCGTGGGG","Bacteria","Bacteroidetes","Bacteroidia","Bacteroidales","Porphyromonadaceae","Parabacteroides","Parabacteroides_3"
"CAAGCGTTATCCGGATTTACTGGGTGTAAAGGGAGCGTAGACGGCACGGCAAGCCAGATGTGAAAGCCCGGGGCTCAACCCCGGGACTGCATTTGGAACTGCTGAGCTAGAGTGTCGGAGAGGCAAGTGGAATTCCTAGTGTAGCGGTGAAATGCGTAGATATTAGGAGGAACACCAGTGGCGAAGGCGGCTTGCTGGACGATGACTGACGTTGAGGCTCGAAAGCGTGGGG","Bacteria","Firmicutes","Clostridia","Clostridiales","Lachnospiraceae","Dorea","Dorea_1"
"CGAGCGTTATCCGGATTTATTGGGTTTAAAGGGAGCGTAGGTGGATTGTTAAGTCAGTTGTGAAAGTTTGCGGCTCAACCGTAAAATTGCAGTTGAAACTGGCAGTCTTGAGTACAGTAGAGGTGGGCGGAATTCGTGGTGTAGCGGTGAAATGCTTAGATATCACGAAGAACTCCGATTGCGAAGGCAGCTCACTAGACTGTTACTGACACTGATGCTCGAAAGTGTGGGT","Bacteria","Bacteroidetes","Bacteroidia","Bacteroidales","Bacteroidaceae","Bacteroides","Bacteroides_13"
"CAAGCGTTATCCGGAATTATTGGGCGTAAAGGGCTCGTAGGCGGTTCGTCGCGTCCGGTGTGAAAGTCCATCGCTTAACGGTGGATCTGCGCCGGGTACGGGCGGGCTGGAGTGCGGTAGGGGAGACTGGAATTCCCGGTGTAACGGTGGAATGTGTAGATATCGGGAAGAACACCGATGGCGAAGGCAGGTCTCTGGGCCGTCACTGACGCTGAGGAGCGAAAGCGTGGGG","Bacteria","Actinobacteria","Actinobacteria","Bifidobacteriales","Bifidobacteriaceae","Bifidobacterium","Bifidobacterium_5"
"CAAGCGTTGTCCGGAATTATTGGGCGTAAAGCGCGCGCAGGCGGATCGGTCAGTCTGTCTTAAAAGTTCGGGGCTTAACCCCGTGATGGGATGGAAACTGCCAATCTAGAGTATCGGAGAGGAAAGTGGAATTCCTAGTGTAGCGGTGAAATGCGTAGATATTAGGAAGAACACCAGTGGCGAAGGCGACTTTCTGGACGAAAACTGACGCTGAGGCGCGAAAGCCAGGGG","Bacteria","Firmicutes","Negativicutes","Selenomonadales","Veillonellaceae","Veillonella","Veillonella_6"
"CAAGCGTTATCCGGATTTATTGGGCGTAAAGGGCTCGTAGGCGGCTCGTCGCGTCCGGTGTGAAAGTCCATCGCTTAACGGTGGATCTGCGCCGGGTACGGGCGGGCTGGAGTGCGGTAGGGGAGACTGGAATTCCCGGTGTAACGGTGGAATGTGTAGATATCGGGAAGAACACCAATGGCGAAGGCAGGTCTCTGGGCCGTTACTGACGCTGAGGAGCGAAAGCGTGGGG","Bacteria","Actinobacteria","Actinobacteria","Bifidobacteriales","Bifidobacteriaceae","Bifidobacterium","Bifidobacterium_6"
"CAAGCGTTATCCGGATTTACTGGGTGTAAAGGGTGCGTAGGTGGCAGTGCAAGTCAGATGTGAAAGGCCGGGGCTCAACCCCGGAGCTGCATTTGAAACTGCTCGGCTAGAGTACAGGAGAGGCAGGCGGAATTCCTAGTGTAGCGGTGAAATGCGTAGATATTAGGAGGAACACCAGTGGCGAAGGCGGCCTGCTGGACTGTTACTGACACTGAGGCACGAAAGCGTGGGG","Bacteria","Firmicutes","Clostridia","Clostridiales","Lachnospiraceae","Lachnospiraceae_uncl","Lachnospiraceae_uncl_2"
"CAAGCGTTATCCGGAATTATTGGGCGTAAAGGGCTCGTAGGCGGTTCGTCGCGTCCGGTGTGAAAGCCCATCGCTTAACGGTGGGTCTGCGCCGGGTACGGGCGGGCTGGAGTGCGGTAGGGGAGACTGGAATTCCCGGTGTAACGGTGGAATGTGTAGATATCGGGAAGAACACCAATGGCGAAGGCAGGTCTCTGGGCCGTCACTGACGCTGAGGAGCGAAAGCGTGGGG","Bacteria","Actinobacteria","Actinobacteria","Bifidobacteriales","Bifidobacteriaceae","Bifidobacterium","Bifidobacterium_7"
"CAAGCGTTATCCGGATTTACTGGGTGTAAAGGGAGCGCAGGCGGTACGGCAAGTCTGATGTGAAAGCCCGGGGCTCAACCCCGGTACTGCATTGGAAACTGTCGGACTAGAGTGTCGGAGGGGTAAGTGGAATTCCTAGTGTAGCGGTGAAATGCGTAGATATTAGGAGGAACACCAGTGGCGAAGGCGGCTTACTGGACGATTACTGACGCTGAGGCTCGAAAGCGTGGGG","Bacteria","Firmicutes","Clostridia","Clostridiales","Lachnospiraceae","Roseburia","Roseburia_4"
"CAAGCGTTATCCGGATTTACTGGGTGTAAAGGGAGCGTAGACGGCGAAGCAAGTCTGAAGTGAAAACCCAGGGCTCAACCCTGGGACTGCTTTGGAAACTGTTTTGCTAGAGTGTCGGAGAGGTAAGTGGAATTCCTAGTGTAGCGGTGAAATGCGTAGATATTAGGAGGAACACCAGTGGCGAAGGCGGCTTACTGGACGATAACTGACGTTGAGGCTCGAAAGCGTGGGG","Bacteria","Firmicutes","Clostridia","Clostridiales","Lachnospiraceae","Clostridium_XlVa","Clostridium_XlVa_2"
"CAAGCGTTAATCGGAATTACTGGGCGTAAAGCGTGCGCAGGCGGTTCTGTAAGACAGATGTGAAATCCCCGGGCTCAACCTGGGAATTGCATTTGTGACTGCAGGACTAGAGTTCATCAGAGGGGGGTGGAATTCCAAGTGTAGCAGTGAAATGCGTAGATATTTGGAAGAACACCAATGGCGAAGGCAGCCCCCTGGGATGCGACTGACGCTCATGCACGAAAGCGTGGGG","Bacteria","Proteobacteria","Betaproteobacteria","Burkholderiales","Sutterellaceae","Sutterella","Sutterella_2"
"CAAGCGTTGTCCGGAATTATTGGGCGTAAAGGGCGCGCAGGCGGCATCGCAAGTCGGTCTTAAAAGTGCGGGGCTTAACCCCGTGAGAGGACCGAAACTGTGAAGCTCGAGTGTCGGAGAGGAAAGCGGAATTCCTAGTGTAGCGGTGAAATGCGTAGATATTAGGAGGAACACCAGTGGCGAAAGCGGCTTTCTGGACGACAACTGACGCTGAGGCGCGAAAGCCAGGGG","Bacteria","Firmicutes","Negativicutes","Selenomonadales","Veillonellaceae","Megasphaera","Megasphaera_2"
"CGAGCGTTATCCGGATTCATTGGGCGTAAAGCGCGCGTAGGCGGCCCGGCAGGCCGGGGGTCGAAGCGGGGGGCTCAACCCCCCGAAGCCCCCGGAACCTCCGCGGCTTGGGTCCGGTAGGGGAGGGTGGAACACCCGGTGTAGCGGTGGAATGCGCAGATATCGGGTGGAACACCGGTGGCGAAGGCGGCCCTCTGGGCCGAGACCGACGCTGAGGCGCGAAAGCTGGGGG","Bacteria","Actinobacteria","Actinobacteria","Coriobacteriales","Coriobacteriaceae","Collinsella","Collinsella_1"
"CGAGCGTTATCCGGATTTACTGGGCGTAAAGGGAGCGTAGGCGGATGATTAAGTGGGATGTGAAATACCCGGGCTCAACTTGGGTGCTGCATTCCAAACTGGTTATCTAGAGTGCAGGAGAGGAGAGTGGAATTCCTAGTGTAGCGGTGAAATGCGTAGAGATTAGGAAGAACACCAGTGGCGAAGGCGACTCTCTGGACTGTAACTGACGCTGAGGCTCGAAAGCGTGGGG","Bacteria","Firmicutes","Clostridia","Clostridiales","Clostridiaceae_1","Clostridium_sensu_stricto","Clostridium_sensu_stricto_5"
"CAAGCGTTATCCGGATTTACTGGGTGTAAAGGGAGCGTAGACGGAGTGGCAAGTCTGATGTGAAAACCCGGGGCTCAACCCCGGGACTGCATTGGAAACTGTCAATCTAGAGTACCGGAGAGGTAAGCGGAATTCCTAGTGTAGCGGTGAAATGCGTAGATATTAGGAGGAACACCAGTGGCGAAGGCGGCTTACTGGACGGTAACTGACGTTGAGGCTCGAAAGCGTGGGG","Bacteria","Firmicutes","Clostridia","Clostridiales","Lachnospiraceae","Ruminococcus2","Ruminococcus2_1"
"CGAGCGTTGTCCGGATTTATTGGGCGTAAAGCGAGCGCAGGCGGTTTAATAAGTCTGAAGTTAAAGGCAGTGGCTTAACCATTGTTCGCTTTGGAAACTGTTAGACTTGAGTGCAGAAGGGGAGAGTGGAATTCCATGTGTAGCGGTGAAATGCGTAGATATATGGAGGAACACCGGTGGCGAAAGCGGCTCTCTGGTCTGTAACTGACGCTGAGGCTCGAAAGCGTGGGG","Bacteria","Firmicutes","Bacilli","Lactobacillales","Streptococcaceae","Streptococcus","Streptococcus_5"
"CGAGCGTTAATCGGAATTACTGGGCGTAAAGCGTGCGCAGGCGGTTGGATAAGACAGGTGTGAAATCCCCGAGCTTAACTTGGGAACTGCACTTGTGACTGTTCGACTAGAGTATGTCAGAGGGAGGTGGAATTCCAAGTGTAGCAGTGAAATGCGTAGATATTTGGAAGAACACCGATGGCGAAGGCAGCCTCCTGGGATAATACTGACGCTCATGCACGAAAGCGTGGGG","Bacteria","Proteobacteria","Betaproteobacteria","Burkholderiales","Sutterellaceae","Parasutterella","Parasutterella_1"
"CAAGCGTTATCCGGAATTATTGGGCGTAAAGGGCTCGTAGGCGGTTCGTCGCGTCCGGTGTGAAAGTCCATCGCTTAACGGTGGATCCGCGCCGGGTACGGGCGGGCTTGAGTGCGGTAGGGGAGACTGGAATTCCCGGTGTAACGGTGGAATGTGTAGATATCGGGAAGAACACCGATGGCGAAGGCAGGTCTCTGGGCCGTCACTGACGCTGAGGAGCGAAAGCGTGGGG","Bacteria","Actinobacteria","Actinobacteria","Bifidobacteriales","Bifidobacteriaceae","Bifidobacterium","Bifidobacterium_8"
"CAAGCGTTATCCGGAATTACTGGGTGTAAAGGGTGCGTAGGTGGCATGGTAAGTCAGAAGTGAAAGCCCGGGGCTTAACCCCGGGACTGCTTTTGAAACTGTCATGCTGGAGTGCAGGAGAGGTAAGCGGAATTCCTAGTGTAGCGGTGAAATGCGTAGATATTAGGAGGAACACCAGTGGCGAAGGCGGCTTACTGGACTGTCACTGACACTGATGCACGAAAGCGTGGGG","Bacteria","Firmicutes","Clostridia","Clostridiales","Lachnospiraceae","Anaerostipes","Anaerostipes_2"
"CTAGCGTTATCCGGATTTACTGGGCGTAAAGGGTGCGTAGGCGGTCTTTTAAGTCAGGAGTGAAAGGCTACGGCTCAACCGTAGTAAGCTCTTGAAACTGGAGGACTTGAGTGCAGGAGAGGAGAGTGGAATTCCTAGTGTAGCGGTGAAATGCGTAGATATTAGGAGGAACACCAGTAGCGAAGGCGGCTCTCTGGACTGTAACTGACGCTGAGGCACGAAAGCGTGGGG","Bacteria","Firmicutes","Clostridia","Clostridiales","Peptostreptococcaceae","Intestinibacter","Intestinibacter_1"
"CAAGCGTTATCCGGATTTACTGGGTGTAAAGGGAGTGTAGGTGGCCATGCAAGTCAGAAGTGAAAATCCGGGGCTCAACCCCGGAACTGCTTTTGAAACTGTAAGGCTAGAGTGCAGGAGGGGTGAGTGGAATTCCTAGTGTAGCGGTGAAATGCGTAGATATTAGGAGGAACACCAGTGGCGAAGGCGGCTCACTGGACTGTAACTGACACTGAGGCTCGAAAGCGTGGGG","Bacteria","Firmicutes","Clostridia","Clostridiales","Lachnospiraceae","Lachnospiraceae_uncl","Lachnospiraceae_uncl_3"
"CAAGCGTTGTCCGGAATTATTGGGCGTAAAGCGCGCGCAGGCGGATCAGTTAGTCTGTCTTAAAAGTTCGGGGCTTAACCCCGTGATGGGATGGAAACTGCTGATCTAGAGTATCGGAGAGGAAAGTGGAATTCCTAGTGTAGCGGTGAAATGCGTAGATATTAGGAAGAACACCAGTGGCGAAGGCGACTTTCTGGACGAAAACTGACGCTGAGGCGCGAAAGCCAGGGG","Bacteria","Firmicutes","Negativicutes","Selenomonadales","Veillonellaceae","Veillonella","Veillonella_7"
"CAAGCGTTAATCGGAATTACTGGGCGTAAAGCGCACGCAGGCGGTTGATTAAGTCAGATGTGAAATCCCCGGGCTCAACCTGGGAACTGCATCTGATACTGGTCAGCTTGAGTCTCGTAGAGGGGGGTAGAATTCCAGGTGTAGCGGTGAAATGCGTAGAGATCTGGAGGAATACCGGTGGCGAAGGCGGCCCCCTGGACGAAGACTGACGCTCAGGTGCGAAAGCGTGGGG","Bacteria","Proteobacteria","Gammaproteobacteria","Enterobacteriales","Enterobacteriaceae","Escherichia","Escherichia_3"
"CAAGCGTTATCCGGATTTACTGGGTGTAAAGGGAGCGTAGACGGTTGTGTAAGTCTGATGTGAAAGCCCGGGGCTCAACCCCGGGACTGCATTGGAAACTATGTAACTAGAGTGTCGGAGAGGTAAGCGGAATTCCTAGTGTAGCGGTGAAATGCGTAGATATTAGGAGGAACACCAGTGGCGAAGGCGGCTTACTGGACGATCACTGACGTTGAGGCTCGAAAGCGTGGGG","Bacteria","Firmicutes","Clostridia","Clostridiales","Lachnospiraceae","Clostridium_XlVa","Clostridium_XlVa_3"
"CAAGCGTTATCCGGAATTACTGGGTGTAAAGGGTGCGTAGGTGGTATGGCAAGTCAGAAGTGAAAACCCAGGGCTTAACTCTGGGACTGCTTTTGAAACTGTCAGACTAGAGTGCAGGAGAGGTAAGCGGAATTCCTAGTGTAGCGGTGAAATGCGTAGATATTAGGAGGAACATCAGTGGCGAAGGCGGCTTACTGGACTGAAACTGACACTGAGGCACGAAAGCGTGGGG","Bacteria","Firmicutes","Clostridia","Clostridiales","Lachnospiraceae","Anaerostipes","Anaerostipes_3"
"CAAGCGTTATCCGGAATCATTGGGCGTAAAGGGTGCGTAGGTGGCGTACTAAGTCTGTAGTAAAAGGCAATGGCTCAACCATTGTAAGCTATGGAAACTGGTATGCTGGAGTGCAGAAGAGGGCGATGGAATTCCATGTGTAGCGGTAAAATGCGTAGATATATGGAGGAACACCAGTGGCGAAGGCGGTCGCCTGGTCTGTAACTGACACTGAGGCACGAAAGCGTGGGG","Bacteria","Firmicutes","Erysipelotrichia","Erysipelotrichales","Erysipelotrichaceae","Erysipelatoclostridium","Erysipelatoclostridium_1"
"CAAGCGTTATCCGGATTTACTGGGTGTAAAGGGAGCGTAGACGGCTGTGCAAGTCTGAAGTGAAAGGCATGGGCTCAACCTGTGGACTGCTTTGGAAACTGTGCAGCTAGAGTGTCGGAGAGGTAAGTGGAATTCCTAGTGTAGCGGTGAAATGCGTAGATATTAGGAGGAACACCAGTGGCGAAGGCGGCTTACTGGACGATGACTGACGTTGAGGCTCGAAAGCGTGGGG","Bacteria","Firmicutes","Clostridia","Clostridiales","Lachnospiraceae","Dorea","Dorea_2"
"CAAGCGTTATCCGGATTTACTGGGTGTAAAGGGAGTGTAGGTGGCCATGCAAGTCAGAAGTGAAAATCCGGGGCTCAACCCCGGAACTGCTTTTGAAACTGTAAGGCTGGAGTGCAGGAGGGGTGAGTGGAATTCCTAGTGTAGCGGTGAAATGCGTAGATATTAGGAGGAACACCAGTGGCGAAGGCGGCTCACTGGACTGTAACTGACACTGAGGCTCGAAAGCGTGGGG","Bacteria","Firmicutes","Clostridia","Clostridiales","Lachnospiraceae","Lachnospiraceae_uncl","Lachnospiraceae_uncl_4"
"CGAGCGTTATCCGGATTTATTGGGTTTAAAGGGTGCGTAGGCGGCCTTTTAAGTCAGCGGTGAAAGTCTGTGGCTCAACCATAGAATTGCCGTTGAAACTGGGGGGCTTGAGTATGTTTGAGGCAGGCGGAATGCGTGGTGTAGCGGTGAAATGCATAGATATCACGCAGAACCCCGATTGCGAAGGCAGCCTGCCAAGCCATTACTGACGCTGATGCACGAAAGCGTGGGG","Bacteria","Bacteroidetes","Bacteroidia","Bacteroidales","Porphyromonadaceae","Parabacteroides","Parabacteroides_4"
"CAAGCGTTATCCGGATTTATTGGGCGTAAAGCGAGCGCAGGCGGTTTTTTAAGTCTGATGTGAAAGCCCTCGGCTTAACCGAGGAAGCGCATCGGAAACTGGGAAACTTGAGTGCAGAAGAGGACAGTGGAACTCCATGTGTAGCGGTGAAATGCGTAGATATATGGAAGAACACCAGTGGCGAAGGCGGCTGTCTGGTCTGTAACTGACGCTGAGGCTCGAAAGCATGGGT","Bacteria","Firmicutes","Bacilli","Lactobacillales","Lactobacillaceae","Lactobacillus","Lactobacillus_2"
"CAAGCGTTATCCGGATTTACTGGGTGTAAAGGGAGCGCAGACGGCACTGCAAGTCTGAAGTGAAAGCCCGGGGCTCAACCCCGGGACTGCTTTGGAAACTGTAGAGCTAGAGTGCTGGAGAGGCAAGCGGAATTCCTAGTGTAGCGGTGAAATGCGTAGATATTAGGAAGAACACCAGTGGCGAAGGCGGCTTGCTGGACAGTAACTGACGTTCAGGCTCGAAAGCGTGGGG","Bacteria","Firmicutes","Clostridia","Clostridiales","Lachnospiraceae","Lachnospiraceae_uncl","Lachnospiraceae_uncl_5"
"CAAGCGTTGTCCGGATTTATTGGGCGTAAAGCGAGCGCAGGCGGTTTCTTAAGTCTGATGTGAAAGCCCCCGGCTCAACCGGGGAGGGTCATTGGAAACTGGGAAACTTGAGTGCAGAAGAGGAGAGTGGAATTCCATGTGTAGCGGTGAAATGCGTAGATATATGGAGGAACACCAGTGGCGAAGGCGGCTCTCTGGTCTGTAACTGACGCTGAGGCTCGAAAGCGTGGGG","Bacteria","Firmicutes","Bacilli","Lactobacillales","Enterococcaceae","Enterococcus","Enterococcus_2"
"CAAGCGTTATCCGGATTTACTGGGTGTAAAGGGAGCGTAGACGGTAAAGCAAGTCTGAAGTGAAAGCCCGGGGCTCAACCCCGGGACTGCTTTGGAAACTGTTTAACTAGAGTGCTGGAGAGGTAAGCGGAATTCCTAGTGTAGCGGTGAAATGCGTAGATATTAGGAGGAACACCAGTGGCGAAGGCGGCTTACTGGACAGTAACTGACGTTGAGGCTCGAAAGCGTGGGG","Bacteria","Firmicutes","Clostridia","Clostridiales","Lachnospiraceae","Clostridium_XlVa","Clostridium_XlVa_4"
"CAAGCGTTAATCGGAATTACTGGGCGTAAAGCGCACGCAGGCGGTCTGTCAAGTCGGATGTGAAATCCCCGGGCTCAACCTGGGAACTGCATCCGAAACTGGCAGGCTAGAGTCTTGTAGAGGGGGGTAGAATTCCAGGTGTAGCGGTGAAATGCGTAGAGATCTGGAGGAATACCGGTGGCGAAGGCGGCCCCCTGGACAAAGACTGACGCTCAGGTGCGAAAGCGTGGGG","Bacteria","Proteobacteria","Gammaproteobacteria","Enterobacteriales","Enterobacteriaceae","Citrobacter","Citrobacter_1"
"CGAGCGTTAATCGGAATTACTGGGCGTAAAGGGTGCGCAGGCGGTTGAGTAAGACAGATGTGAAATCCCCGAGCTTAACTCGGGAATGGCATATGTGACTGCTCGACTAGAGTGTGTCAGAGGGAGGTGGAATTCCACGTGTAGCAGTGAAATGCGTAGATATGTGGAAGAACACCGATGGCGAAGGCAGCCTCCTGGGACATAACTGACGCTCAGGCACGAAAGCGTGGGG","Bacteria","Proteobacteria","Betaproteobacteria","Burkholderiales","Sutterellaceae","Parasutterella","Parasutterella_2"
"CAAGCGTTATCCGGATTTACTGGGTGTAAAGGGAGCGCAGACGGCGATGCAAGTCTGGAGTGAAAGCCCGGGGCTCAACCCCGGGACTGCTTTGGAAACTGTATGGCTAGAGTGCTGGAGAGGCAAGCGGAATTCCTAGTGTAGCGGTGAAATGCGTAGATATTAGGAAGAACACCAGTGGCGAAGGCGGCTTGCTGGACAGTAACTGACGTTCAGGCTCGAAAGCGTGGGG","Bacteria","Firmicutes","Clostridia","Clostridiales","Lachnospiraceae","Lachnospiraceae_uncl","Lachnospiraceae_uncl_6"
"CAAGCGTTATCCGGATTTATTGGGTTTAAAGGGTGCGTAGGCGGTTTGATAAGTTAGAGGTGAAATCCCGGGGCTTAACTCCGGAACTGCCTCTAATACTGTTAGACTAGAGAGTAGTTGCGGTAGGCGGAATGTATGGTGTAGCGGTGAAATGCTTAGAGATCATACAGAACACCGATTGCGAAGGCAGCTTACCAAACTATATCTGACGTTGAGGCACGAAAGCGTGGGG","Bacteria","Bacteroidetes","Bacteroidia","Bacteroidales","Rikenellaceae","Alistipes","Alistipes_1"
"CAAGCGTTGTCCGGAATTATTGGGCGTAAAGCGCGCGCAGGCGGTTCTGTAAGTCTGTCTTAAAAGTGCGGGGCTTAACCCCGTGAGGGGATGGAAACTATAGAACTGGAGTATCGGAGAGGAAAGCGGAATTCCTAGTGTAGCGGTGAAATGCGTAGATATTAGGAAGAACACCAGTGGCGAAGGCGGCTTTCTGGACGAAAACTGACGCTGAGGCGCGAAAGCCAGGGG","Bacteria","Firmicutes","Negativicutes","Selenomonadales","Veillonellaceae","Veillonella","Veillonella_8"
"CAAGCGTTATCCGGATTTATTGGGCGTAAAGGGCTCGTAGGCGGTTCGTCGCGTCCGGTGTGAAAGTCCATCGCTTAACGGTGGATCCGCGCCGGGTACGGGCGGGCTTGAGTGCGGTAGGGGAGACTGGAATTCCCGGTGTAACGGTGGAATGTGTAGATATCGGGAAGAACACCAATGGCGAAGGCAGGTCTCTGGGCCGTTACTGACGCTGAGGAGCGAAAGCGTGGGG","Bacteria","Actinobacteria","Actinobacteria","Bifidobacteriales","Bifidobacteriaceae","Bifidobacterium","Bifidobacterium_9"
"CAAGCGTTGTCCGGAATTATTGGGCGTAAAGCGCGCGCAGGCGGTTTCATAAGTCTGTCTTAAAAGTGCGGGGCTTAACCCTGTGAGGGGATGGAAACTATGGAACTGGAGTATCGGAGAGGAAAGCGGAATTCCTAGTGTAGCGGTGAAATGCGTAGATATTAGGAAGAACACCAGTGGCGAAGGCGGCTTTCTGGACGACAACTGACGCTGAGGCGCGAAAGCCAGGGG","Bacteria","Firmicutes","Negativicutes","Selenomonadales","Veillonellaceae","Veillonella","Veillonella_9"
"CAAGCGTTGTCCGGAATTACTGGGTGTAAAGGGAGCGCAGGCGGGAGAACAAGTTGGAAGTGAAATCCATGGGCTCAACCCATGAACTGCTTTCAAAACTGTTTTTCTTGAGTAGTGCAGAGGTAGGCGGAATTCCCGGTGTAGCGGTGGAATGCGTAGATATCGGGAGGAACACCAGTGGCGAAGGCGGCTTACTGGGCACCAACTGACGCTGAGGCTCGAAAGTGTGGGT","Bacteria","Firmicutes","Clostridia","Clostridiales","Ruminococcaceae","Faecalibacterium","Faecalibacterium_4"
"CGAGCGTTATCCGGATTTATTGGGCGTAAAGCGAGCGCAGGCGGTTAGATAAGTCTGAAGTTAAAGGCTGTGGCTTAACCATAGTACGCTTTGGAAACTGTTTAACTTGAGTGCAAGAGGGGAGAGTGGAATTCCATGTGTAGCGGTGAAATGCGTAGATATATGGAGGAACACCGGTGGCGAAAGCGGCTCTCTGGCTTGTAACTGACGCTGAGGCTCGAAAGCGTGGGG","Bacteria","Firmicutes","Bacilli","Lactobacillales","Streptococcaceae","Streptococcus","Streptococcus_6"
"CAAGCGTTATCCGGATTTACTGGGTGTAAAGGGAGCGCAGGCGGTACGGCAAGTCTGATGTGAAATCCCGGGGCTCAACCCCGGTACTGCATTGGAAACTGTCGGACTAGAGTGTCGGAGGGGTAAGTGGAATTCCTAGTGTAGCGGTGAAATGCGTAGATATTAGGAGGAACACCAGTGGCGAAGGCGGCTTACTGGACGATTACTGACGCTGAGGCTCGAAAGCGTGGGG","Bacteria","Firmicutes","Clostridia","Clostridiales","Lachnospiraceae","Roseburia","Roseburia_5"
"CAAGCGTTATCCGGATTTACTGGGTGTAAAGGGTGCGTAGGTGGCAGTGCAAGTCAGATGTGAAAGGCCGGGGCTCAACCCCGGAGCTGCATTTGAAACTGCATAGCTAGAGTACAGGAGAGGCAGGCGGAATTCCTAGTGTAGCGGTGAAATGCGTAGATATTAGGAGGAACACCAGTGGCGAAGGCGGCCTGCTGGACTGTTACTGACACTGAGGCACGAAAGCGTGGGG","Bacteria","Firmicutes","Clostridia","Clostridiales","Lachnospiraceae","Lachnospiraceae_uncl","Lachnospiraceae_uncl_7"
"CAAGCGTTAATCGGAATTACTGGGCGTAAAGCGCACGCAGGCGGTTTGTTAAGTCAGATGTGAAATCCCCGGGCTCAACCTGGGAACTGCATCTGATACTGGCAAGCTTGAGTCTCGTAGAGGGGGGTAGAATTCCAGGTGTAGCGGTGAAATGCGTAGAGATCTGGAGGAATACCAGTGGCGAAGGCGGCCCCCTGGACGAAGACTGACGCTCAGGTGCGAAAGCGTGGGG","Bacteria","Proteobacteria","Gammaproteobacteria","Enterobacteriales","Enterobacteriaceae","Escherichia","Escherichia_4"
"CAAGCGTTATCCGGATTTACTGGGTGTAAAGGGCGTGTAGGCGGGATTGCAAGTCAGATGTGAAAACTGGGGGCTCAACCTCCAGCCTGCATTTGAAACTGTAGTTCTTGAGTGCTGGAGAGGCAATCGGAATTCCGTGTGTAGCGGTGAAATGCGTAGATATACGGAGGAACACCAGTGGCGAAGGCGGATTGCTGGACAGTAACTGACGCTGAGGCGCGAAAGCGTGGGG","Bacteria","Firmicutes","Clostridia","Clostridiales","Ruminococcaceae","Flavonifractor","Flavonifractor_1"
"CAAGCGTTATCCGGATTTACTGGGTGTAAAGGGAGCGTAGACGGAGCAGCAAGTCTGATGTGAAAACCCGGGGCTCAACCCCGGGACTGCATTGGAAACTGTTGATCTGGAGTGCCGGAGAGGTAAGCGGAATTCCTAGTGTAGCGGTGAAATGCGTAGATATTAGGAGGAACACCAGTGGCGAAGGCGGCTTACTGGACGGTAACTGACGTTGAGGCTCGAAAGCGTGGGG","Bacteria","Firmicutes","Clostridia","Clostridiales","Lachnospiraceae","Ruminococcus2","Ruminococcus2_2"
"CAAGCGTTAATCGGAATTACTGGGCGTAAAGCGCACGCAGGCGGTTTGTTAAGTCAGATGTGAAATCCCCGGGCTCAACCTGGGAACTGCATCTGATACTGGCAAGCTTGAGTCTCGTAGAGGGGGGTAGAATTCCAGGTGTAGCGGTGAAATGCGTAGAGATCTGGAGGAATACCGGTGGCGAAGGCGGCCCCCTAGACGAAGACTGACGCTCAGGTGCGAAAGCGTGGGG","Bacteria","Proteobacteria","Gammaproteobacteria","Enterobacteriales","Enterobacteriaceae","Escherichia","Escherichia_5"
"CAAGCGTTAATCGGAATTACTGGGCGTAAAGCGCACGCAGGCGGTTTGTTAAGTCAGATGTGAAATCCCCGGGCTCAACCTGGGAACTGCATCTGATACTGGCAAGCTTGAGTCTCGTAGAGGGGGGTAGAATTCCAGGTGTAGCGGTGAAATGCGTAGAGATCTGGAGGAATACCGGTGGCGAAGGCGGCCCCCTGGACAAAGACTGACGCTCAGGTGCGAAAGCGTGGGG","Bacteria","Proteobacteria","Gammaproteobacteria","Enterobacteriales","Enterobacteriaceae","Escherichia","Escherichia_6"
"CGAGCGTTATCCGGATTTATTGGGTTTAAAGGGAGCGTAGGTGGATTGTTAAGTCAGTTGTGAAAGTTTGCGGCTCAACCGTAAAATTGCAGTTGAAACTGGGAGTCTTGAGTACAGTAGAGGTGGGCGGAATTCGTGGTGTAGCGGTGAAATGCTTAGATATCACGAAGAACTCCGATTGCGAAGGCAGCTCACTAGACTGTCACTGACACTGATGCTCGAAAGTGTGGGT","Bacteria","Bacteroidetes","Bacteroidia","Bacteroidales","Bacteroidaceae","Bacteroides","Bacteroides_14"
"CAAGCGTTATCCGGATTTACTGGGTGTAAAGGGAGCGTAGACGGCGACGCAAGTCTGAAGTGAAATACCCGGGCTCAACCTGGGAACTGCTTTGGAAACTGTGTTGCTAGAGTGCTGGAGAGGTAAGCGGAATTCCTAGTGTAGCGGTGAAATGCGTAGATATTAGGAAGAACACCAGTGGCGAAGGCGGCTTACTGGACAGTAACTGACGTTGAGGCTCGAAAGCGTGGGG","Bacteria","Firmicutes","Clostridia","Clostridiales","Lachnospiraceae","Lachnospiraceae_uncl","Lachnospiraceae_uncl_8"
"CTAGCGTTATCCGGAATTACTGGGCGTAAAGGGTGCGTAGGTGGTTTCTTAAGTCAGAGGTGAAAGGCTACGGCTCAACCGTAGTAAGCCTTTGAAACTGGGAAACTTGAGTGCAGGAGAGGAGAGTGGAATTCCTAGTGTAGCGGTGAAATGCGTAGATATTAGGAGGAACACCAGTTGCGAAGGCGGCTCTCTGGACTGTAACTGACACTGAGGCACGAAAGCGTGGGG","Bacteria","Firmicutes","Clostridia","Clostridiales","Peptostreptococcaceae","Romboutsia","Romboutsia_1"
"CAAGCGTTATCCGGATTTATTGGGCGTAAAGCGCGTCTAGGCGGTTTGGTAAGTCTGATGTGAAAATGCGGGGCTCAACTCCGTATTGCGTTGGAAACTGCCAAACTAGAGTACTGGAGAGGTGGGCGGAACTACAAGTGTAGAGGTGAAATTCGTAGATATTTGTAGGAATGCCAATGGGGAAGCCAGCCCACTGGACAGATACTGACGCTAAAGCGCGAAAGCGTGGGT","Bacteria","Fusobacteria","Fusobacteriia","Fusobacteriales","Fusobacteriaceae","Fusobacterium","Fusobacterium_1"
"CAAGCGTTAATCGGAATCACTGGGCGTAAAGCGCACGTAGGCGGCTTGGTAAGTCAGGGGTGAAATCCCACAGCCCAACTGTGGAACTGCCTTTGATACTGCCAGGCTTGAGTACCGGAGAGGGTGGCGGAATTCCAGGTGTAGGAGTGAAATCCGTAGATATCTGGAGGAACACCGGTGGCGAAGGCGGCCACCTGGACGGTAACTGACGCTGAGGTGCGAAAGCGTGGGT","Bacteria","Proteobacteria","Deltaproteobacteria","Desulfovibrionales","Desulfovibrionaceae","Bilophila","Bilophila_1"
"CAAGCGTTATCCGGATTTACTGGGTGTAAAGGGCGCGCAGGCGGGCCGGCAAGTTGGAAGTGAAATCTATGGGCTTAACCCATAAACTGCTTTCAAAACTGCTGGTCTTGAGTGATGGAGAGGCAGGCGGAATTCCGTGTGTAGCGGTGAAATGCGTAGATATACGGAGGAACACCAGTGGCGAAGGCGGCCTGCTGGACATTAACTGACGCTGAGGCGCGAAAGCGTGGGG","Bacteria","Firmicutes","Clostridia","Clostridiales","Ruminococcaceae","Butyricicoccus","Butyricicoccus_1"
"CAAGCGTTATCCGGATTTACTGGGTGTAAAGGGAGCGTAGACGGAGTGGCAAGTCTGATGTGAAAACCCGGGGCTCAACCCCGGGACTGCATTGGAAACTGTCAATCTGGAGTACCGGAGAGGTAAGCGGAATTCCTAGTGTAGCGGTGAAATGCGTAGATATTAGGAGGAACACCAGTGGCGAAGGCGGCTTACTGGACGGTAACTGACGTTGAGGCTCGAAAGCGTGGGG","Bacteria","Firmicutes","Clostridia","Clostridiales","Lachnospiraceae","Ruminococcus2","Ruminococcus2_3"
"CGAGCGTTATCCGGATTTATTGGGTTTAAAGGGAGCGTAGGCGGGGTATTAAGTCAGTTGTGAAAGTTTGCGGCTCAACCGTAAAATTGCAGTTGATACTGGTATCCTTGAGTGCAGCAGAGGTGGGCGGAATTCGTGGTGTAGCGGTGAAATGCTTAGATATCACGAAGAACTCCGATTGCGAAGGCAGCTCACTGGAGTGTAACTGACGCTGATGCTCGAAAGTGTGGGT","Bacteria","Bacteroidetes","Bacteroidia","Bacteroidales","Bacteroidaceae","Bacteroides","Bacteroides_15"
"CAAGCGTTATCCGGATTTACTGGGTGTAAAGGGTGCGTAGGTGGCAGTGCAAGTCAGATGTGAAAGGCCGGGGCTCAACCCCGGAGCTGCATTTGAAACTGCATAGCTGGAGTACAGGAGAGGCAGGCGGAATTCCTAGTGTAGCGGTGAAATGCGTAGATATTAGGAGGAACACCAGTGGCGAAGGCGGCCTGCTGGACTGTTACTGACACTGAGGCACGAAAGCGTGGGG","Bacteria","Firmicutes","Clostridia","Clostridiales","Lachnospiraceae","Lachnospiraceae_uncl","Lachnospiraceae_uncl_9"
"CAAGCGTTGTCCGGAATTACTGGGTGTAAAGGGAGCGCAGGCGGATTGGCAAGTTGGGAGTGAAATCTATGGGCTCAACCCATAAATTGCTTTCAAAACTGTCAGTCTTGAGTGGTGTAGAGGTAGGCGGAATTCCCGGTGTAGCGGTGGAATGCGTAGATATCGGGAGGAACACCAGTGGCGAAGGCGGCCTACTGGGCACTAACTGACGCTGAGGCTCGAAAGCATGGGT","Bacteria","Firmicutes","Clostridia","Clostridiales","Ruminococcaceae","Subdoligranulum","Subdoligranulum_1"
"CAAGCGTTATCCGGATTTACTGGGTGTAAAGGGAGCGTAGACGGCGAGACAAGTCTGAAGTGAAAGCCCGGGGCTCAACCCCGGGACTGCTTTGGAAACTGCCTTGCTAGAGTGCTGGAGAGGTAAGTGGAATTCCTAGTGTAGCGGTGAAATGCGTAGATATTAGGAGGAACACCAGTGGCGAAGGCGGCTTACTGGACAGTAACTGACGTTGAGGCTCGAAAGCGTGGGG","Bacteria","Firmicutes","Clostridia","Clostridiales","Lachnospiraceae","Clostridium_XlVa","Clostridium_XlVa_5"
"CGAGCGTTATCCGGATTTATTGGGTTTAAAGGGTGCGTAGGCGGCCCTATAAGTCAGCGGTGAAATGTTCCGGCTCAACCGGGAAACTGCCGTTGAAACTGTAGAGCTAGAGTCCACAAGAGGTATGCGGAATGCGTGGTGTAGCGGTGAAATGCATAGATATCACGCAGAACCCCGATTGCGAAGGCAGCATACTGGGGTGAAACAGACGCTGAAGCACGAAAGCGTGGGT","Bacteria","Bacteroidetes","Bacteroidia","Bacteroidales","Porphyromonadaceae","Coprobacter","Coprobacter_1"
"CAAGCGTTATCCGGATTTACTGGGTGTAAAGGGAGCGTAGACGGTTAAGCAAGTCTGAAGTGAAAGCCCGGGGCTCAACCCCGGTACTGCTTTGGAAACTGTTTGACTTGAGTGCAGGAGAGGTAAGTGGAATTCCTAGTGTAGCGGTGAAATGCGTAGATATTAGGAGGAACACCAGTGGCGAAGGCGGCTTACTGGACTGTAACTGACGTTGAGGCTCGAAAGCGTGGGG","Bacteria","Firmicutes","Clostridia","Clostridiales","Lachnospiraceae","Hungatella","Hungatella_1"
"CGAGCGTTATCCGGATTTATTGGGTTTAAAGGGAGCGTAGACGGGTTTTTAAGTCAGCTGTGAAAGTTTGGGGCTCAACCTTAAAATTGCAGTTGAAACTGGAGACCTTGAGTACGGTTGAGGCAGGCGGAATTCGTGGTGTAGCGGTGAAATGCTTAGATATCACGAAGAACCCCGATTGCGAAGGCAGCCTGCTAAGCCGCCACTGACGTTGAGGCTCGAAAGTGCGGGT","Bacteria","Bacteroidetes","Bacteroidia","Bacteroidales","Bacteroidaceae","Bacteroides","Bacteroides_16"
"CAAGCGTTATCCGGATTTACTGGGTGTAAAGGGAGTGTAGGTGGCATCACAAGTCAGAAGTGAAAGCCCGGGGCTCAACCCCGGGACTGCTTTTGAAACTGTGGAGCTGGAGTGCAGGAGAGGCAAGTGGAATTCCTAGTGTAGCGGTGAAATGCGTAGATATTAGGAGGAACACCAGTGGCGAAGGCGGCTTGCTGGACTGTAACTGACACTGAGGCTCGAAAGCGTGGGG","Bacteria","Firmicutes","Clostridia","Clostridiales","Lachnospiraceae","Clostridium_XlVa","Clostridium_XlVa_6"
"CAAGCGTTAATCGGAATTACTGGGCGTAAAGCGCACGCAGGCGGTCTGTCAAGTCGGATGTGAAATCCCCGGGCTCAACCTGGGAACTGCATTCGAAACTGGCAGGCTGGAGTCTTGTAGAGGGGGGTAGAATTCCAGGTGTAGCGGTGAAATGCGTAGAGATCTGGAGGAATACCGGTGGCGAAGGCGGCCCCCTGGACAAAGACTGACGCTCAGGTGCGAAAGCGTGGGG","Bacteria","Proteobacteria","Gammaproteobacteria","Enterobacteriales","Enterobacteriaceae","Enterobacteriaceae_uncl","Enterobacteriaceae_uncl_1"
"CAAGCGTTAATCGGAATTACTGGGCGTAAAGCGTGCGCAGGCGGTTCTGTAAGACAGATGTGAAATCCCCGGGCTCAACCTGGGAATGGCATTTGTGACTGCAGGACTAGAGTTCATCAGAGGGGGGTGGAATTCCAAGTGTAGCAGTGAAATGCGTAGATATTTGGAAGAACACCAATGGCGAAGGCAGCCCCCTGGGATGCGACTGACGCTCATGCACGAAAGCGTGGGG","Bacteria","Proteobacteria","Betaproteobacteria","Burkholderiales","Sutterellaceae","Sutterella","Sutterella_3"
"CAAGCGTTATCCGGATTTACTGGGTGTAAAGGGAGCGTAGACGGCACAGCAAGTCTGATGTGAAAGCCCGGGGCCCAACCCCGGAACTGCATTGGAAACTGCTGGGCTTGAGTGCAGGAGAGGTAAGCGGAATTCCTAGTGTAGCGGTGAAATGCGTAGATATTAGGAGGAACACCAGTGGCGAAGGCGGCTTACTGGACTGTAACTGACGTTGAGGCTCGAAAGCGTGGGG","Bacteria","Firmicutes","Clostridia","Clostridiales","Lachnospiraceae","Lachnospiraceae_uncl","Lachnospiraceae_uncl_10"
"CAAGCGTTGTTCGGAATCACTGGGCGTAAAGCGTGCGTAGGCGGTTTCGTAAGTCGTGTGTGAAAGGCGGGGGCTCAACCCCCGGACTGCACATGATACTGCGAGACTAGAGTAATGGAGGGGGAACCGGAATTCTCGGTGTAGCAGTGAAATGCGTAGATATCGAGAGGAACACTCGTGGCGAAGGCGGGTTCCTGGACATTAACTGACGCTGAGGCACGAAGGCCAGGGG","Bacteria","Verrucomicrobia","Verrucomicrobiae","Verrucomicrobiales","Verrucomicrobiaceae","Akkermansia","Akkermansia_2"
"CAAGCGTTAATCGGAATTACTGGGCGTAAAGCGTGCGCAGGCGGTTCTGTAAGACAGATGTGAAATCCCCGGGCTTAACCTGGGAATTGCATTTGTGACTGCAGGACTAGAGTTCATCAGAGGGGGGTGGAATTCCAAGTGTAGCAGTGAAATGCGTAGATATTTGGAAGAACACCAATGGCGAAGGCAGCCCCCTGGGATGCGACTGACGCTCATGCACGAAAGCGTGGGG","Bacteria","Proteobacteria","Betaproteobacteria","Burkholderiales","Sutterellaceae","Sutterella","Sutterella_4"
"CAAGCGTTATCCGGATTTACTGGGTGTAAAGGGAGCGTAGACGGTAAAGCAAGTCTGAAGTGAAAGCCCGCGGCTCAACTGCGGGACTGCTTTGGAAACTGTTTAACTGGAGTGTCGGAGAGGTAAGTGGAATTCCTAGTGTAGCGGTGAAATGCGTAGATATTAGGAGGAACACCAGTGGCGAAGGCGACTTACTGGACGATAACTGACGTTGAGGCTCGAAAGCGTGGGG","Bacteria","Firmicutes","Clostridia","Clostridiales","Lachnospiraceae","Clostridium_XlVa","Clostridium_XlVa_7"
"CGAGCGTTGTCCGGATTTATTGGGCGTAAAGCGAGCGCAGGCGGTTAGATAAGTCTGAAGTTAAAGGCTGTGGCTTAACCATAGTACGCTTTGGAAACTGTTTAACTTGAGTGCAGAAGGGGAGAGTGGAATTCCATGTGTAGCGGTGAAATGCGTAGATATATGGAGGAACACCGGTGGCGAAAGCGGCTCTCTGGTCTGTAACTGACGCTGAGGCTCGAAAGCGTGGGG","Bacteria","Firmicutes","Bacilli","Lactobacillales","Streptococcaceae","Streptococcus","Streptococcus_7"
"CGAGCGTTATCCGGATTTATTGGGTTTAAAGGGAGCGCAGACGGGGGATTAAGTCAGTTGTGAAAGTTTGCGGCTCAACCGTAAAATTGCAGTTGATACTGGTTCCCTTGAGTGCAGTTGAGGCAGGCGGAATTCGTGGTGTAGCGGTGAAATGCATAGATATCACGAAGAACCCCGATTGCGAAGGCAGCCTGCTAAGCTGTAACTGACGTTAAGGCTCGAAAGTGTGGGT","Bacteria","Bacteroidetes","Bacteroidia","Bacteroidales","Bacteroidaceae","Bacteroides","Bacteroides_17"
"CAAGCGTTGTCCGGAATTATTGGGCGTAAAGCGCGCGCAGGCGGATTGGTCAGTCTGTCTTAAAAGTTCGGGGCTTAACCCCGTGATGGGATGGAAACTACCAATCTAGAGTATCGGAGAGGAAAGTGGAATTCCTAGTGTAGCGGTGAAATGCGTAGATATTAGGAAGAACACCAGTGGCGAAGGCGACTTTCTGGACGAAAACTGACGCTGAGGCGCGAAAGCCAGGGG","Bacteria","Firmicutes","Negativicutes","Selenomonadales","Veillonellaceae","Veillonella","Veillonella_10"
"CAAGCGTTACTCGGAATCACTGGGCGTAAAGGGCGCGTAGGCGGATTATCAAGTCTCTTGTGAAATCTAATGGCTTAACCATTAAACTGCTTGGGAAACTGATAGTCTAGAGTGAGGGAGAGGCAGATGGAATTGGTGGTGTAGGGGTAAAATCCGTAGATATCACCAAGAATACCCATTGCGAAGGCGATCTGCTGGAACTCAACTGACGCTAAGGCGCGAAAGCGTGGGG","Bacteria","Proteobacteria","Epsilonproteobacteria","Campylobacterales","Campylobacteraceae","Campylobacter","Campylobacter_1"
"CAAGCGTTATCCGGAATTACTGGGTGTAAAGGGTGCGTAGGTGGCATGATAAGTCAGAAGTGAAAGCCCGGGGCTTAACCCCGGGACTGCTTTTGAAACTGTAATGCTAGAGTGCAGGAGAGGTAAGCGGAATTCCTAGTGTAGCGGTGAAATGCGTAGATATTAGGAGGAACACCAGTGGCGAAGGCGGCTTACTGGACTGTCACTGACACTGAGGCACGAAAGCGTGGGG","Bacteria","Firmicutes","Clostridia","Clostridiales","Lachnospiraceae","Anaerostipes","Anaerostipes_4"
"CAAGCGTTGTCCGGAATTACTGGGTGTAAAGGGAGCGCAGGCGGGAAGACAAGTTGGAAGTGAAATCTATGGGCTCAACCTATAAACTGCTTTCAAAACTGTTTTTCTTGAGTAGTGCAGAGGTAGGCGGAATTCCCGGTGTAGCGGTGGAATGCGTAGATATCGGGAGGAACACCAGTGGCGAAGGCGGCCTACTGGGCACCAACTGACGCTGAGGCTCGAAAGTGTGGGT","Bacteria","Firmicutes","Clostridia","Clostridiales","Ruminococcaceae","Faecalibacterium","Faecalibacterium_5"
"CAAGCGTTAATCGGAATTACTGGGCGTAAAGCGCACGCAGGCGGTTTGTTAAGTCAGATGTGAAATCCTCGGGCTCAACCTGGGAACTGCATCTGATACTGGCAAGCTTGAGTCTCGTAGAGGGGGGTAGAATTCCAGGTGTAGCGGTGAAATGCGTAGAGATCTGGAGGAATACCGGTGGCGAAGGCGGCCCCCTGGACGAAGACTGACGCTCAGGTGCGAAAGCGTGGGG","Bacteria","Proteobacteria","Gammaproteobacteria","Enterobacteriales","Enterobacteriaceae","Escherichia","Escherichia_7"
"CAAGCGTTGTCCGGATTTACTGGGCGTAAAGGGAGCGTAGGCGGACTTTTAAGTGAGATGTGAAATACCCGGGCTCAACTTGGGTGCTGCATTTCAAACTGGAAGTCTAGAGTGCAGGAGAGGAGAATGGAATTCCTAGTGTAGCGGTGAAATGCGTAGAGATTAGGAAGAACACCAGTGGCGAAGGCGATTCTCTGGACTGTAACTGACGCTGAGGCTCGAAAGCGTGGGG","Bacteria","Firmicutes","Clostridia","Clostridiales","Clostridiaceae_1","Clostridium_sensu_stricto","Clostridium_sensu_stricto_6"
"CAAGCGTTGTCCGAATTTATTGGGCGTAAAGCGAGCGCAGGCGGTTTCTTAAGTCTGATGTGAAAGCCCCCGGCTCAACCGGGGAGGGTCATTGGAAACTGGGAGACTTGAGTGCAGAAGAGGAGAGTGGAATTCCATGTGTAGCGGTGAAATGCGTAGATATATGGAGGAACACCAGTGGCGAAGGCGGCTCTCTGGTCTGTAACTGACGCTGAGGCTCGAAAGCGTGGGG","Bacteria","Firmicutes","Bacilli","Lactobacillales","Enterococcaceae","Enterococcus","Enterococcus_3"
"CAAGCGTTGTCCGGAATTATTGGGCGTAAAGCGCGCGCAGGCGGATCAGTCAGTCTGTCTTAAAAGTTCGGGGCTTAACCCCGTGAGGGGATGGAAACTGCTGATCTAGAGTATCGGAGAGGAAAGTGGAATTCCTAGTGTAGCGGTGAAATGCGTAGATATTAGGAAGAACACCAGTGGCGAAGGCGACTTTCTGGACGAAAACTGACGCTGAGGCGCGAAAGCCAGGGG","Bacteria","Firmicutes","Negativicutes","Selenomonadales","Veillonellaceae","Veillonella","Veillonella_11"
"CGAGCGTTGTCCGGAATTATTGGGCGTAAAGGGCTTGTAGGTGGCTGGTTGCGTCTGTCGTGAAAGCTCATGGCTTAACTGTGGGTTTGCGGTGGGTACGGGCTGGCTTGAGTGCAGTAGGGGAGGCTGGAATTCCTGGTGTAGCGGTGGAATGCGCAGATATCAGGAGGAATACCGGTGGCGAAGGCGGGTCTCTGGGCTGTTACTGACACTGAGGAGCGAAAGCATGGGG","Bacteria","Actinobacteria","Actinobacteria","Actinomycetales","Actinomycetaceae","Varibaculum","Varibaculum_1"
"CAAGCGTTATCCGGATTTACTGGGTGTAAAGGGAGCGTAGACGGATAGGCAAGTCTGGAGTGAAAACCCAGGGCTCAACCCTGGGACTGCTTTGGAAACTGCAGATCTGGAGTGCCGGAGAGGTAAGCGGAATTCCTAGTGTAGCGGTGAAATGCGTAGATATTAGGAGGAACACCAGTGGCGAAGGCGGCTTACTGGACGGTGACTGACGTTGAGGCTCGAAAGCGTGGGG","Bacteria","Firmicutes","Clostridia","Clostridiales","Lachnospiraceae","Lachnospiraceae_uncl","Lachnospiraceae_uncl_11"
"CGAGCGTTATCCGGATTTATTGGGTTTAAAGGGTGCGTAGGCGGCCCCTTAAGTCAGCGGTGAAAGTCTGTGGCTCAACCATAGAATTGCCGTTGAAACTGGGAGGCTTGAGTATGTTTGAGGCAGGCGGAATGCGTGGTGTAGCGGTGAAATGCATAGATATCACGCAGAACCCCGATTGCGAAGGCAGCCTGCCAAGCCATGACTGACGCTGATGCACGAAAGCGTGGGG","Bacteria","Bacteroidetes","Bacteroidia","Bacteroidales","Porphyromonadaceae","Parabacteroides","Parabacteroides_5"
"CAAGCGTTGTCCGGAATTATTGGGCGTAAAGCGCGCGCAGGTGGTTTAATAAGTCTGATGTGAAAGCCCACGGCTCAACCGTGGAGGGTCATTGGAAACTGTTAAACTTGAGTGCAGGAGAGAAAAGTGGAATTCCTAGTGTAGCGGTGAAATGCGTAGAGATTAGGAGGAACACCAGTGGCGAAGGCGGCTTTTTGGCCTGTAACTGACACTGAGGCGCGAAAGCGTGGGG","Bacteria","Firmicutes","Bacilli","Bacillales","Bacillales_Incertae_Sedis_XI","Gemella","Gemella_1"
"CGAGCGTTATCCGGATTCATTGGGCGTAAAGAGCGCGTAGGCGGCCTCTCAAGCGGGATCTCTAATCCGAGGGCTCAACCCCCGGCCGGATCCCGAACTGGGAGGCTCGAGTTCGGTAGAGGCAGGCGGAATTCCCGGTGTAGCGGTGGAATGCGCAGATATCGGGAAGAACACCGATGGCGAAGGCAGCCTGCTGGGCCGCAACTGACGCTGAGGCGCGAAAGCTAGGGG","Bacteria","Actinobacteria","Actinobacteria","Coriobacteriales","Coriobacteriaceae","Eggerthella","Eggerthella_1"
"CAAGCGTTGTCCGGATTTACTGGGCGTAAAGGGAGCGTAGGCGGATGTTTAAGTGGGATGTGAAATACTCGAGCTCAACTTGAGTGCTGCATTCCAAACTGGATATCTAGAGTGCAGGAGAGGAAAGGAGAATTCCTAGTGTAGCGGTGAAATGCGTAGAGATTAGGAAGAATACCAGTGGCGAAGGCGCCTTTCTGGACTGTAACTGACGCTGAGGCTCGAAAGCGTGGGG","Bacteria","Firmicutes","Clostridia","Clostridiales","Clostridiaceae_1","Clostridium_sensu_stricto","Clostridium_sensu_stricto_7"
"CAAGCGTTGTCCGGAATTATTGGGCGTAAAGCGCGCGCAGGCGGATCAGTCAGTCTGTCTTAAAAGTTCGGGGCTTAACCCCGTGAGGGGATGGAAACTGCTGATCTAGAGTATCGGAGAGGAAAGTGGAATTCCTAGTGTAGCGGTGAAATGCGTAGATATTAGGAAGAACACCAGTGGCGAAGGCGACTTTCTGGACGAAAACTGACGCTGAGGCGCGAAAGCTAGGGG","Bacteria","Firmicutes","Negativicutes","Selenomonadales","Veillonellaceae","Veillonella","Veillonella_12"
"CGAGCGTTATCCGGATTTATTGGGTTTAAAGGGCGCGTAGGCGGGACGCCAAGTCAGCGGTAAAAGACTGCAGCTAAACTGTAGCACGCCGTTGAAACTGGCGCCCTCGAGACGAGACGAGGGAGGCGGAACAAGTGAAGTAGCGGTGAAATGCTTAGATATCACTTGGAACCCCGATAGCGAAGGCAGCTTCCCAGGCTCGATCTGACGCTGATGCGCGAGAGCGTGGGT","Bacteria","Bacteroidetes","Bacteroidia","Bacteroidales","Porphyromonadaceae","Butyricimonas","Butyricimonas_1"
"CAAGCGTTATCCGGATTTACTGGGTGTAAAGGGAGCGTAGACGGCGACACAAGTCTGAAGTGAAATACCTGGGCTCAACCTGGGAACTGCTTTGGAAACTGTGTTGCTAGAGTGCTGGAGAGGTAAGCGGAATTCCTAGTGTAGCGGTGAAATGCGTAGATATTAGGAAGAACACCAGTGGCGAAGGCGGCTTACTGGACAGTAACTGACGTTGAGGCTCGAAAGCGTGGGG","Bacteria","Firmicutes","Clostridia","Clostridiales","Lachnospiraceae","Lachnospiraceae_uncl","Lachnospiraceae_uncl_12"
"CAAGCGTTGTCCGGAATTATTGGGCGTAAAGCGCGCGCAGGCGGATAGGTCAGTCTGTCTTAAAAGTTCGGGGCTTAACCCCGTGATGGGATGGAAACTGCCGATCTAGAGTATCGGAGAGGAAAGTGGAATTCCTAGTGTAGCGGTGAAATGCGTAGATATTAGGAAGAACACCAGTGGCGAAGGCGACTTTCTGGACGAAAACTGACGCTGAGGCGCGAAAGCCAGGGG","Bacteria","Firmicutes","Negativicutes","Selenomonadales","Veillonellaceae","Veillonella","Veillonella_13"
"CAAGCGTTATCCGGAATTATTGGGCGTAAAGCGCGCGTAGGTGGTTTTTTAAGTCTGATGTGAAAGCCCACGGCTCAACCGTGGAGGGTCATTGGAAACTGGAAAACTTGAGTGCAGAAGAGGAAAGTGGAATTCCATGTGTAGCGGTGAAATGCGCAGAGATATGGAGGAACACCAGTGGCGAAGGCGACTTTCTGGTCTGTAACTGACGCTGATGTGCGAAAGCGTGGGG","Bacteria","Firmicutes","Bacilli","Bacillales","Staphylococcaceae","Staphylococcus","Staphylococcus_2"
"CAAGCGTTGTCCGGATTTACTGGGCGTAAAGGGAGCGTAGGTGGATATTTAAGTGGGATGTGAAATACCCGGGCTTAACCTGGGTGCTGCATTCCAAACTGGATATCTAGAGTGCAGGAGAGGAAAGGAGAATTCCTAGTGTAGCGGTGAAATGCGTAGAGATTAGGAAGAATACCAGTGGCGAAGGCGCCTTTCTGGACTGTAACTGACACTGAGGCTCGAAAGCGTGGGG","Bacteria","Firmicutes","Clostridia","Clostridiales","Clostridiaceae_1","Clostridium_sensu_stricto","Clostridium_sensu_stricto_8"
"CGAGCGCTATCCGGATTTATTGGGTTTAAAGGGAGCGTAGATGGATGTTTAAGTCAGTTGTGAAAGTTTGCGGCTCAACCGTAAAATTGCAGTTGATACTGGATATCTTGAGTGCAGTTGAGGCAGGCGGAATTCGTGGTGTAGCGGTGAAATGCTTAGATATCACGAAGAACTCCGATTGCGAAGGCAGCCTGCTAAGCTGCAACTGACATTGAGGCTCGAAAGTGTGGGT","Bacteria","Bacteroidetes","Bacteroidia","Bacteroidales","Bacteroidaceae","Bacteroides","Bacteroides_18"
"CAAGCGTTGTCCGGATTTACTGGGTGTAAAGGGTGCGTAGGCGGCTAGGCAAGTCAGACGTGAAAACCATGGGCTCAACCTGTGGACTGCGTTTGAAACTGTTTAGCTTGAGTGAAGTAGAGGTAGGCGGAATTCCCGGTGTAGCGGTGAAATGCGTAGAGATCGGGAGGAACACCAGTGGCGAAGGCGGCCTACTGGGCTTTAACTGACGCTGAGGCACGAAAGCATGGGT","Bacteria","Firmicutes","Clostridia","Clostridiales","Ruminococcaceae","Caproiciproducens","Caproiciproducens_1"
"CGAGCGTTGTCCGGATTTATTGGGCGTAAAGCGAGCGCAGGCGGTTTAATAAGTCTGAAGTTAAAGGCAGTGGCTTAACCATTGTTCGCTTTGGAAACTGTTAGACTTGAGTGCAGAAGGGGAGAGTGGAATTCCATGTGTAGCGGTGAAATGCGTAGATATATGGAGGAACACCGGTGGCGAAAGCGGCTCTCTGGTCTGTAACTGACGCTGAGGCTCTAAAGCGTGGGG","Bacteria","Firmicutes","Bacilli","Lactobacillales","Streptococcaceae","Streptococcus","Streptococcus_8"
"CAAGCGTTATCCGGATTTACTGGGTGTAAAGGGTGAGTAGGCGGTCATGCAAGTCATATGTGAAATGTCAGGGCTTAACCTTGGCGCTGCATAAGAAACTGTATGACTAGAGTGCAGGAGAGGTAAGCGGAATTCCTAGTGTAGCGGTGAAATGCGTAGATATTAGGAAGAACACCGGTGGCGAAGGCGGCTTACTGGACTGTTACTGACGCTGAGTCACGAAAGCGTGGGG","Bacteria","Firmicutes","Clostridia","Clostridiales","Lachnospiraceae","Clostridium_XlVb","Clostridium_XlVb_1"
"CAAGCGTTATCCGGATTTACTGGGTGTAAAGGGAGCGTAGACGGCGACGCAAGTCTGAAGTGAAATACCCGGGCTCAACCTGGGAACTGCTTTGGAAACTGTGTTGCTGGAGTGCTGGAGAGGTAAGCGGAATTCCTAGTGTAGCGGTGAAATGCGTAGATATTAGGAAGAACACCAGTGGCGAAGGCGGCTTACTGGACAGTAACTGACGTTGAGGCTCGAAAGCGTGGGG","Bacteria","Firmicutes","Clostridia","Clostridiales","Lachnospiraceae","Lachnospiraceae_uncl","Lachnospiraceae_uncl_13"
"CGAGCGTTATCCGGATTTATTGGGTTTAAAGGGAGCGTAGATGGATGTTTAAGTCAGTTGTGAAAGTTTGCGGCTCAACCGTAAAATTGCAGTTGATACTGGATATCTTGAGTGCAGTTGAGGCAGGCGGAATTCGTGGTGTAGCGGTGAAATGCTTAGATATCACGAAGAACTCCGATTGCGAAGGCAGCCTGCTAAGTTGCAACTGACATTGAGGCTCGAAAGTGTGGGT","Bacteria","Bacteroidetes","Bacteroidia","Bacteroidales","Bacteroidaceae","Bacteroides","Bacteroides_19"
"CAAGCGTTGTCCGGAATTATTGGGCGTAAAGGGCGCGCAGGCGGCTTCTTAAGTCTGTCTTAAAAGTGCGGGGCTTAACCCCGTGATGGGATGGAAACTGGGAAGCTCAGAGTATCGGAGAGGAAAGCGGAATTCCTAGTGTAGCGGTGAAATGCGTAGATATTAGGAGGAACACCAGTGGCGAAAGCGGCTTTCTGGACGAAAACTGACGCTGAGGCGCGAAAGCCAGGGG","Bacteria","Firmicutes","Negativicutes","Selenomonadales","Veillonellaceae","Megasphaera","Megasphaera_3"
"CAAGCGTTATCCGGATTTACTGGGTGTAAAGGGAGCGTAGACGGCGACGCAAGTCTGGAGTGAAAGCCCGGGGCCCAACCCCGGGACTGCTTTGGAAACTGTGCTGCTGGAGTGCAGGAGAGGTAAGTGGAATTCCTAGTGTAGCGGTGAAATGCGTAGATATTAGGAGGAACACCAGTGGCGAAGGCGGCTTACTGGACTGTAACTGACGTTGAGGCTCGAAAGCGTGGGG","Bacteria","Firmicutes","Clostridia","Clostridiales","Lachnospiraceae","Clostridium_XlVa","Clostridium_XlVa_8"
"CAAGCGTTGTCCGGAATTATTGGGCGTAAAGAGCGCGTAGGCGGTATGATAAGTCTGTCTTAGAAGTGCGGGGCTTAACCCCGTGAGGGGACAGAGACTGTCATACTAGAGTCTCGGAGAGGAAAGCGGAATTCCTAGTGTAGCGGTGAAATGCGTAGAGATTAGGAAGAACACCGGTGGCGAAGGCGGCTTTCTGGACGAGCACTGACGCTGAGGCGCGAAAGCGTGGGG","Bacteria","Firmicutes","Negativicutes","Selenomonadales","Veillonellaceae","Negativicoccus","Negativicoccus_1"
"CAAGCGTTGTCCGGAATTATTGGGCGTAAAGCGCGCGCAGGCGGTTCTGTAAGTCTGTCTTAAAAGTGCGGGGCTTAACCCCGTGAGGGGATGGAAACTATGGAACTGGAGTATCGGAGAGGAAAGCGGAATTCCTAGTGTAGCGGTGAAATGCGTAGATATTAGGAAGAACACCAGTGGCGAAGGCGGCTTTCTGGACGACAACTGACGCTGAGGCGCGAAAGCCAGGGG","Bacteria","Firmicutes","Negativicutes","Selenomonadales","Veillonellaceae","Veillonella","Veillonella_14"
"CAAGCGTTATCCGGAATTATTGGGCGTAAAGCGCGCGTAGGCGGTTTTTTAAGTCTGATGTGAAAGCCCACGGCTCAACCGTGGAGGGTCATTGGAAACTGGAAAACTTGAGTGCAGAAGAGGAAAGTGGAATTCCATGTGTAGTGGTGAAATGCGCAGAGATATGGAGGAACACCAGTGGCGAAGGCGACTTTCTGGTCTGTAACTGACGCTGATGTGCGAAAGCGTGGGG","Bacteria","Firmicutes","Bacilli","Bacillales","Staphylococcaceae","Staphylococcus","Staphylococcus_3"
"CGAGCGTTGTCCGGAATTATTGGGCGTAAAGGGCTTGTAGGCGGTTGGTCGCGTCTGCCGTGAAATCCTCTGGCTTAACTGGGGGCGTGCGGTGGGTACGGGCTGACTTGAGTGCGGTAGGGGAGACTGGAACTCCTGGTGTAGCGGTGGAATGCGCAGATATCAGGAAGAACACCGGTGGCGAAGGCGGGTCTCTGGGCCGTTACTGACGCTGAGGAGCGAAAGCGTGGGG","Bacteria","Actinobacteria","Actinobacteria","Actinomycetales","Actinomycetaceae","Actinomyces","Actinomyces_1"
"CGAGCGTTAATCGGAATTACTGGGCGTAAAGCGAGCGCAGACGGTTACTTAAGCAGGATGTGAAATCCCCGGGCTCAACCTGGGAACTGCGTTCTGAACTGGGTGACTAGAGTGTGTCAGAGGGAGGTAGAATTCCACGTGTAGCAGTGAAATGCGTAGAGATGTGGAGGAATACCGATGGCGAAGGCAGCCTCCTGGGATAACACTGACGTTCATGCTCGAAAGCGTGGGT","Bacteria","Proteobacteria","Betaproteobacteria","Neisseriales","Neisseriaceae","Neisseria","Neisseria_1"
"CGAGCGTTAATCGGAATAACTGGGCGTAAAGGGCACGCAGGCGGTGACTTAAGTGAGATGTGAAAGCCCCGGGCTTAACCTGGGAATTGCATTTCATACTGGGTCGCTAGAGTACTTTAGGGAGGGGTAGAATTCCACGTGTAGCGGTGAAATGCGTAGAGATGTGGAGGAATACCGAAGGCGAAGGCAGCCCCTTGGGAATGTACTGACGCTCATGTGCGAAAGCGTGGGG","Bacteria","Proteobacteria","Gammaproteobacteria","Pasteurellales","Pasteurellaceae","Actinobacillus","Actinobacillus_1"
"CAAGCGTTATCCGGATTTACTGGGTGTAAAGGGTGCGTAGGCGGCTTGGTAAGTCAGATGTGAAATGTATGGGCTCAACCCATGCACTGCATTTGAAACTATTGAGCTTGAGTGAAGTAGAGGTAGGCGGAATTCCCTGTGTAGCGGTGAAATGCGTAGAGATAGGGAGGAACACCAGTGGCGAAGGCGGCCTACTGGGCTTTAACTGACGCTGAGGCACGAAAGCGTGGGT","Bacteria","Firmicutes","Clostridia","Clostridiales","Ruminococcaceae","Ruminococcus","Ruminococcus_2"
"CAAGCGTTGTCCGGAATTATTGGGCGTAAAGCGCGCGCAGGCGGTTTCATAAGTCTGTCTTAAAAGTGCGGGGCTTAACCCCGTGAGGGGATGGAAACTATGGAACTGGAGTATCGGAGAGGAAAGCGGAATTCCTAGTGTAGCGGTGAAATGCGTAGATATTAGGAAGAACACCAGTGGCGAAGGCGGCTTTCTGGACGAAAACTGACGCTGAGGCGCGAAAGCCAGGGG","Bacteria","Firmicutes","Negativicutes","Selenomonadales","Veillonellaceae","Veillonella","Veillonella_15"
"CAAGCGTTATCCGGATTTATTGGGCGTAAAGCGCGTCTAGGCGGTTTGGTAAGTCTGATGTGAAAATGCGGGGCTCAACTCCGTATTGCGTTGGAAACTGCCAAACTAGAGTACTGGAGAGGTGGGCGGAACTACAAGTGTAGAGGTGAAATTCGTAGATATTTGTAGGAATGCCGATGGGGAAGCCAGCCCACTGGACAGATACTGACGCTAAAGCGCGAAAGCGTGGGT","Bacteria","Fusobacteria","Fusobacteriia","Fusobacteriales","Fusobacteriaceae","Fusobacterium","Fusobacterium_2"
"CAAGCGTTGTCCGGAATTACTGGGTGTAAAGGGAGCGCAGGCGGGAGAACAAGTTGGAAGTGAAATCCATGGGCTCAACCCATGAACTGCTTTCAAAACTGTTTTTCTTGAGTAGTGCAGAGGTAGGCGGAATTCCCGGTGTAGCGGTGGAATGCGTAGATATCGGGAGGAACACCAGTGGCGAAGGCGGCCTACTGGGTACCAACTGACGCTGAGGCTCGAAAGTGTGGGT","Bacteria","Firmicutes","Clostridia","Clostridiales","Ruminococcaceae","Faecalibacterium","Faecalibacterium_6"
"CAAGCGTTGTCCGGAATTATTGGGCGTAAAGCGCGCGCAGGCGGATCAGTCAGTCTGTCTTAAAAGTTCGGGGCTTAACTCCGTGATGGGATGGAAACTGCTGATCTAGAGTATCGGAGAGGAAAGTGGAATTCCTAGTGTAGCGGTGAAATGCGTAGATATTAGGAAGAACACCAGTGGCGAAGGCGACTTTCTGGACGAAAACTGACGCTGAGGCGCGAAAGCCAGGGG","Bacteria","Firmicutes","Negativicutes","Selenomonadales","Veillonellaceae","Veillonella","Veillonella_16"
"CAAGCGTTATCCGGATTTACTGGGTGTAAAGGGAGCGCAGACGGCGATGCAAGTCTGAAGTGAAAGCCCGGGGCTCAACCCCGGGACTGCTTTGGAAACTGTATGGCTAGAGTGCTGGAGAGGCAAGCGGAATTCCTAGTGTAGCGGTGAAATGCGTAGATATTAGGAAGAACACCAGTGGCGAAGGCGGCTTGCTGGACAGTAACTGACGTTCAGGCTCGAAAGCGTGGGG","Bacteria","Firmicutes","Clostridia","Clostridiales","Lachnospiraceae","Lachnospiraceae_uncl","Lachnospiraceae_uncl_14"
"CGAGCGTTGTCCGGAATTACTGGGCGTAAAGGGTTCGCAGGCGGCATGGCAAGTCCGATGTAAAAGGCGAAGGCTCAACCTTCGTAAGCATCGGAAACTGTCAAGCTTGAGTGAAGGAGAGGCAAGTGGAATTCCTAGTGTAGCGGTGGAATGCGTAGATATTAGGAGGAATACCGGTGGCGAAGGCGACTTGCTGGACTTCAACTGACGCTGAGGAACGAAAGCGTGGGT","Bacteria","Firmicutes","Clostridia","Clostridiales","Peptoniphilaceae","Peptoniphilus","Peptoniphilus_1"
"CGAGCGTTATCCGGATTTATTGGGTTTAAAGGGCGCGTAGGCGGGACGCCAAGTCAGCGGTAAAAGACTGCAGCTAAACTGTAGCACGCCGTTGAAACTGGCGACCTTGAGACGAGACGAGGGAGGCGGAACAAGTGAAGTAGCGGTGAAATGCTTAGATATCACTTGGAACCCCGATAGCGAAGGCAGCTTCCCAGGCTCGATCTGACGCTGATGCGCGAGAGCGTGGGT","Bacteria","Bacteroidetes","Bacteroidia","Bacteroidales","Porphyromonadaceae","Butyricimonas","Butyricimonas_2"
"CGAGCGTTATCCGGATTTATTGGGTTTAAAGGGCGCGTAGGCGGGACGCCAAGTCAGCGGTAAAAGACTGCAGCTAAACTGTAGCACGCCGTTGAAACTGGCGACCTGGAGACGAGACGAGGGAGGCGGAACAAGTGAAGTAGCGGTGAAATGCTTAGATATCACTTGGAACCCCGATAGCGAAGGCAGCTTCCCAGGCTCGATCTGACGCTGATGCGCGAGAGCGTGGGT","Bacteria","Bacteroidetes","Bacteroidia","Bacteroidales","Porphyromonadaceae","Butyricimonas","Butyricimonas_3"
"CAAGCGTTGTCCGGAATTATTGGGCGTAAAGCGCGCGCAGGCGGATCAGTCAGTCTGTCTTAAAAGTTCGGGGCTTAACCCCGTGATGGGATGGAAACTGCTGATCTAGAGTATCGGAGAGGAAAGTGGAATTCCTAGTGTAGCGGTGAAATGCGTAGATATTAGGAAGAACATCAGTGGCGAAGGCGACTTTCTGGACGAAAACTGACGCTGAGGCGCGAAAGCCAGGGG","Bacteria","Firmicutes","Negativicutes","Selenomonadales","Veillonellaceae","Veillonella","Veillonella_17"
"CAAGCGTTATCCGGATTTACTGGGTGTAAAGGGAGCGTAGACGGCATGGCAAGCCAGATGTGAAAGCCCGGGGCTCAACCCCGGGACTGCATTTGGAACTGTCAGGCTAGAGTGTCGGAGAGGAAAGCGGAATTCCTAGTGTAGCGGTGAAATGCGTAGATATTAGGAGGAACACCAGTGGCGAAGGCGGCTTTCTGGACGGTGACTGACGTTGAGGCTCGAAAGCGTGGGG","Bacteria","Firmicutes","Clostridia","Clostridiales","Lachnospiraceae","Lachnospiraceae_uncl","Lachnospiraceae_uncl_15"
"CTAGCGTTATCCGGATTTACTGGGCGTAAAGGGTGCGTAGGTGGTTTCTTAAGTCAGGAGTGAAAGGCTACGGCTCAACCGTAGTAAGCTCTTGAAACTGGGAAACTTGAGTGCAGGAGAGGAAAGTGGAATTCCTAGTGTAGCGGTGAAATGCGTAGATATTAGGAGGAACACCAGTAGCGAAGGCGGCTTTCTGGACTGTAACTGACACTGAGGCACGAAAGCGTGGGG","Bacteria","Firmicutes","Clostridia","Clostridiales","Peptostreptococcaceae","Terrisporobacter","Terrisporobacter_1"
"CAAGCGTTATCCGGATTTACTGGGTGTAAAGGGAGCGTAGACGGCATGGCAAGCCAGATGTGAAAACCCAGGGCTCAACCTTGGGATTGCATTTGGAACTGCCAGGCTGGAGTGCAGGAGAGGTAAGCGGAATTCCTAGTGTAGCGGTGAAATGCGTAGATATTAGGAGGAACACCAGTGGCGAAGGCGGCTTACTGGACTGTAACTGACGTTGAGGCTCGAAAGCGTGGGG","Bacteria","Firmicutes","Clostridia","Clostridiales","Lachnospiraceae","Eisenbergiella","Eisenbergiella_1"
"CGAGCGTTATCCGGATTTATTGGGTTTAAAGGGCGCGTAGGCGGGACGCCAAGTCAGCGGTAAAAGACTGCAGCTAAACTGTAGCACGCCGTTGAAACTGGCGCCCTCGAGACGAGACGAGGGAGGCGGAACAAGTGAAGTAGCGGTGAAATGCTTAGATATCACTTGGAACCCCGATAGCGAAGGCAGCTTCCCAGGCTCGGTCTGACGCTGATGCGCGAGAGCGTGGGT","Bacteria","Bacteroidetes","Bacteroidia","Bacteroidales","Porphyromonadaceae","Butyricimonas","Butyricimonas_4"
"CAAGCGTTATCCGGATTTACTGGGTGTAAAGGGTGAGTAGGCGGTTATGCAAGTCATATGTGAAATTCTGGGGCTCAACTTCAGAGCTGCATAAGAAACTGTGTAACTAGAGTACAGGAGAGGTAAGCGGAATTCCTAGTGTAGCGGTGAAATGCGTAGATATTAGGAAGAACACCGGTGGCGAAGGCGGCTTACTGGACTGAAACTGACGCTGAGTCACGAAAGCGTGGGG","Bacteria","Firmicutes","Clostridia","Clostridiales","Lachnospiraceae","Clostridium_XlVb","Clostridium_XlVb_2"
"CAAGCGTTATCCGGATTTACTGGGTGTAAAGGGAGCGTAGACGGAGTGGCAAGTCTGATGTGAAAACCCGGGGCTCAACCGCGGGACTGCATTGGAAACTGTCAATCTAGAGTACCGGAGAGGTAAGCGGAATTCCTAGTGTAGCGGTGAAATGCGTAGATATTAGGAGGAACACCAGTGGCGAAGGCGGCTTACTGGACGGTAACTGACGTTGAGGCTCGAAAGCGTGGGG","Bacteria","Firmicutes","Clostridia","Clostridiales","Lachnospiraceae","Ruminococcus2","Ruminococcus2_4"
"CAAGCGTTGTCCGGATTTATTGGGCGTAAAGGGCTCGTAGGCGGTTTGTTGCGTCTGGTGTGAAAGCTTACTGCTTAACGGTAGGTTGCGCTGGATACGGGCAGGCTTGAGTGCAGTAGGGGAGACTGGAATTCTCGGTGTAACGGTGGAATGTGTAGATATCGGGAAGAACACCTATGGCGAAGGCAGGTCTCTGGGCTGTTACTGACGCTGAGGAGCGAAAGCGTGGGG","Bacteria","Actinobacteria","Actinobacteria","Bifidobacteriales","Bifidobacteriaceae","Scardovia","Scardovia_1"
"CAAGCGTTGTCCGGAATTACTGGGTGTAAAGGGAGCGCAGGCGGGAGAACAAGTTGGAAGTGAAATCCATGGGCTCAACCCATGAACTGCTTTCAAAACTGTTTTTCTTGAGTAGTGCAGAGGTGGGCGGAATTCCCGGTGTAGCGGTGGAATGCGTAGATATCGGGAGGAACACCAGTGGCGAAGGCGGCCTACTGGGCACCAACTGACGCTGAGGCTCGAAAGTGTGGGT","Bacteria","Firmicutes","Clostridia","Clostridiales","Ruminococcaceae","Faecalibacterium","Faecalibacterium_7"
"CAAGCGTTATCCGGAATTATTGGGCGTAAAGCGCGCGTAGGCGGTTTTTTAAGTCTGATGTGAAAGCCCACGGCTCAACCGTGGAGGGTCATTGGAAACTGTAAAACTTGAGTGCAGAAGAGGAAAGTGGAATTCCATGTGTAGCGGTGAAATGCGCAGAGATATGGAGGAACACCAGTGGCGAAGGCGACTTTCTGGTCTGTAACTGACGCTGATGTGCGAAAGCGTGGGG","Bacteria","Firmicutes","Bacilli","Bacillales","Staphylococcaceae","Staphylococcus","Staphylococcus_4"
"CAAGCGTTATCCGGAATTATTGGGCGTAAAGAGGGAGCAGGCGGCAGCAAGGGTCTGTGGTGAAAGACTGAAGCTTAACTTCAGTAAGCCATAGAAACCGGGCAGCTAGAGTGCAGGAGAGGATCGTGGAATTCCATGTGTAGCGGTGAAATGCGTAGATATATGGAGGAACACCAGTGGCGAAGGCGACGATCTGGCCTGCAACTGACGCTCAGTCCCGAAAGCGTGGGG","Bacteria","Firmicutes","Erysipelotrichia","Erysipelotrichales","Erysipelotrichaceae","Clostridium_XVIII","Clostridium_XVIII_2"
"CAAGCGTTATCCGGATTTACTGGGTGTAAAGGGAGCGCAGGCGGTGCGGTAAGTCTGATGTGAAAGCCCGGGGCTCAACCCCGGTACTGCATTGGAAACTGTCGTACTAGAGTGTCGGAGGGGTAAGTGGAATTCCTAGTGTAGCGGTGAAATGCGTAGATATTAGGAGGAACACCAGTGGCGAAGGCGGCTTACTGGACGATAACTGACGCTGAGGCTCGAAAGCGTGGGG","Bacteria","Firmicutes","Clostridia","Clostridiales","Lachnospiraceae","Roseburia","Roseburia_6"
"CAAGCGTTAATCGGAATTACTGGGCGTAAAGCGCACGCAGGCGGTTTGTTAAGTCAGATGTGAAATCCCCGGGCTCAACCTGGGAACTGCATCTGATACTGGCAAGCTTGAGTCTCGTAGAGGGGGGTAGAATTCCAGGTGTAGCGGTGAAATGCGTAGAGATCTGGAGGAATATCGGTGGCGAAGGCGGCCCCCTGGACGAAGACTGACGCTCAGGTGCGAAAGCGTGGGG","Bacteria","Proteobacteria","Gammaproteobacteria","Enterobacteriales","Enterobacteriaceae","Escherichia","Escherichia_8"
"CAAGCGTTGTCCGGATTTATTGGGCGTAAAGCGAGCGCAGGCGGTTTCTTAAGTCTGATGTGAAAGCCCCCGGCTCAACCGGGGAGGGTCATTGGAAACTGGGAAACTTGAGTGCAGAAGAGGAGAGTGGAATTCCATGTGTAGCGGTGAAATGCGTAGATATATGGAGGAACACCAGTGGCGCAGGCGGCTCTCTGGTCTGTAACTGACGCTGAGGCTCGAAAGCGTGGGG","Bacteria","Firmicutes","Bacilli","Lactobacillales","Enterococcaceae","Enterococcus","Enterococcus_4"
"CGAGCGTTAATCGGAATAACTGGGCGTAAAGGGCACGCAGGCGGTGACTTAAGTGAGATGTGAAAGCCCCGAGCTTAACTTGGGAATTGCATTTCATACTGGGTCGCTAGAGTACTTTAGGGAGGGGTAGAATTCCACGTGTAGCGGTGAAATGCGTAGAGATGTGGAGGAATACCGAAGGCGAAGGCAGCCCCTTGGGAATGTACTGACGCTCATGTGCGAAAGCGTGGGG","Bacteria","Proteobacteria","Gammaproteobacteria","Pasteurellales","Pasteurellaceae","Actinobacillus","Actinobacillus_2"
"CGAGCGTTAATCGGAATAACTGGGCGTAAAGGGCACGCAGGCGGTTATTTAAGTGAGGTGTGAAAGCCCCGGGCTTAACCTGGGAATTGCATTTCAGACTGGGTAACTAGAGTACTTTAGGGAGGGGTAGAATTCCACGTGTAGCGGTGAAATGCGTAGAGATGTGGAGGAATACCGAAGGCGAAGGCAGCCCCTTGGGAATGTACTGACGCTCATGTGCGAAAGCGTGGGG","Bacteria","Proteobacteria","Gammaproteobacteria","Pasteurellales","Pasteurellaceae","Haemophilus","Haemophilus_2"
"CAAGCGTTGTCCGGATTTACTGGGCGTAAAGGGAGCGTAGGCGGATGTTTAAGTGGGATGTGAAATACTCGGGCTCAACTTGAGTGCTGCATTCCAAACTGGATATCTAGAGTGCAGGAGAGGAAAGGAGAATTCCTAGTGTAGCGGTGAAATGCGTAGAGATTAGGAAGAATACCGGTGGCGAAGGCGCCTTTCTGGACTGTAACTGACGCTGAGGCTCGAAAGCGTGGGG","Bacteria","Firmicutes","Clostridia","Clostridiales","Clostridiaceae_1","Clostridium_sensu_stricto","Clostridium_sensu_stricto_9"
"CAAGCGTTATCCGGATTTACTGGGTGTAAAGGGAGTGTAGGTGGCCATGCAAGTCAGAAGTGAAAATCCGGGGCTCAACCCCGGAACTGCTTTTGAAACTGTGAGGCTAGAGTGCAGGAGGGGTGAGTGGAATTCCTAGTGTAGCGGTGAAATGCGTAGATATTAGGAGGAACACCAGTGGCGAAGGCGGCTCACTGGACTGTAACTGACACTGAGGCTCGAAAGCGTGGGA","Bacteria","Firmicutes","Clostridia","Clostridiales","Lachnospiraceae","Lachnospiraceae_uncl","Lachnospiraceae_uncl_16"
"CGAGCGTTATCCGGAATGATTGGGCGTAAAGGGTGCGTAGGCGGCCCGTTAAGTCTGGAGTCAAAGCCGGCAGCTCAACTGTCGTACGCTTTGGAAACTGGCGGGCTGGAGTGCAGAAGAGGGCGATGGAACTCCATGTGTAGCGGTAAAATGCGTAGATATATGGAAGAACACCAGTGGCGAAGGCGGTCGCCTGGTCTGCAACTGACGCTGAAGCACGAAAGCGTGGGG","Bacteria","Firmicutes","Erysipelotrichia","Erysipelotrichales","Erysipelotrichaceae","Faecalitalea","Faecalitalea_1"
"CGAGCGTTATCCGGAATGATTGGGCGTAAAGGGTGCGTAGGCGGCCCGTTAAGTCTGGAGTCAAAGCCGGCAGCTCAACTGTCGTACGCTTTGGAAACTGACGGGCTGGAGTGCAGAAGAGGGCGATGGAACTCCATGTGTAGCGGTAAAATGCGTAGATATATGGAAGAACACCAGTGGCGAAGGCGGTCGCCTGGTCTGCAACTGACGCTGAAGCACGAAAGCGTGGGG","Bacteria","Firmicutes","Erysipelotrichia","Erysipelotrichales","Erysipelotrichaceae","Faecalitalea","Faecalitalea_2"
